-- phpMyAdmin SQL Dump
-- version 4.8.3
-- https://www.phpmyadmin.net/
--
-- Host: 127.0.0.1
-- Generation Time: 13-Fev-2019 às 23:27
-- Versão do servidor: 10.1.36-MariaDB
-- versão do PHP: 7.2.10

SET SQL_MODE = "NO_AUTO_VALUE_ON_ZERO";
SET AUTOCOMMIT = 0;
START TRANSACTION;
SET time_zone = "+00:00";


/*!40101 SET @OLD_CHARACTER_SET_CLIENT=@@CHARACTER_SET_CLIENT */;
/*!40101 SET @OLD_CHARACTER_SET_RESULTS=@@CHARACTER_SET_RESULTS */;
/*!40101 SET @OLD_COLLATION_CONNECTION=@@COLLATION_CONNECTION */;
/*!40101 SET NAMES utf8mb4 */;

--
-- Database: `bancosgp`
--

-- --------------------------------------------------------

--
-- Estrutura da tabela `alternativa`
--

CREATE TABLE `alternativa` (
  `ID` bigint(20) NOT NULL,
  `CORRETO` tinyint(1) DEFAULT '0',
  `DESCRICAO` varchar(255) DEFAULT NULL
) ENGINE=InnoDB DEFAULT CHARSET=utf8;

--
-- Extraindo dados da tabela `alternativa`
--

INSERT INTO `alternativa` (`ID`, `CORRETO`, `DESCRICAO`) VALUES
(1, 0, 'asdfasdf'),
(2, 0, 'asdfasd'),
(3, 0, 'as'),
(4, 1, 'CORRETA'),
(5, 1, 'CORRETA'),
(6, 0, 'DFGHJK\''),
(7, 0, 'VHJKLL'),
(8, 0, 'GHJKL'),
(9, 1, 'CORRETA'),
(10, 0, 'DFGHJK'),
(11, 0, 'DFGHJK'),
(12, 0, 'FGHJK'),
(13, 1, 'CORRETA'),
(14, 0, 'FGDJHFDJQ'),
(15, 0, 'FHJSFHJS'),
(16, 0, 'FSHJFSHJ'),
(17, 1, 'CORRRETA'),
(18, 0, 'HJDSHJDH'),
(19, 0, 'DSHJDHSJ'),
(20, 0, 'DSHJDH'),
(21, 0, 'Estabilidade.'),
(22, 0, 'Previsibilidade.'),
(23, 1, 'Adaptabilidade.'),
(24, 0, 'Pouca interação com o ambiente.'),
(25, 0, 'Requisitos'),
(26, 1, 'Projeto'),
(27, 0, 'Teste'),
(28, 0, 'Análise'),
(29, 0, '12'),
(30, 0, '5'),
(31, 0, '4'),
(32, 1, '7'),
(33, 0, 'Conjunto de periféricos integrados.'),
(34, 1, 'Conjunto de computadores interligados entre si, compartilhando recursos.'),
(35, 0, 'União de equipamentos com a única finalidade de compartilhar internet.'),
(36, 0, 'Vários computadores que fazem parte dos setores de uma organização.'),
(37, 0, 'MAN, NAN, LAN'),
(38, 0, 'LAN, NAN, WAN'),
(39, 1, 'LAN, MAN, WAN'),
(40, 0, 'LAN, MAN, TAN'),
(41, 0, 'Switch'),
(42, 1, 'Roteador'),
(43, 0, 'Access Point'),
(44, 0, 'Patch Panel'),
(45, 0, 'Apresentação'),
(46, 0, 'Sessão'),
(47, 1, 'Enlace'),
(48, 0, 'Física'),
(49, 0, 'IP E TCP'),
(50, 1, 'TCP E UDP'),
(51, 0, 'HTTP E SMTP'),
(52, 0, 'UDP E POP'),
(53, 1, 'Encaminhamento e roteamento'),
(54, 0, 'Enquadramento e Empacotamento'),
(55, 0, 'Segmentação e empacotamento'),
(56, 0, 'Roteamento e enquadramento'),
(57, 0, '3 camadas'),
(58, 1, '4 camadas'),
(59, 0, '7 camadas'),
(60, 0, '2 camadas'),
(61, 0, 'Enlace'),
(62, 0, 'Transporte'),
(63, 1, 'Rede'),
(64, 0, 'Física'),
(65, 0, 'HTTP'),
(66, 0, 'FTP'),
(67, 1, 'DHCP'),
(68, 0, 'DNS'),
(69, 0, 'Redes internas baseadas em padrões de redes'),
(70, 1, 'Redes internas baseadas em padrões Internet '),
(71, 0, 'Redes externas baseadas em padrões Internet'),
(72, 0, 'Extensões para uso externo autorizado'),
(73, 0, 'Researcher Anti Tools'),
(74, 1, 'Remote Administration Tool'),
(75, 0, 'Remote Anti Tools'),
(76, 0, 'Sigla inexistente. A correta é ROT.'),
(77, 0, 'Port Scanners'),
(78, 0, 'Keylogger'),
(79, 0, 'Bot'),
(80, 1, 'Sniffer'),
(81, 0, 'http'),
(82, 0, 'hvp'),
(83, 1, 'https'),
(84, 0, 'httpsecurity'),
(85, 0, 'Firefox'),
(86, 1, 'Edge'),
(87, 0, 'Safari'),
(88, 0, 'Explorer'),
(89, 0, 'Freeware'),
(90, 1, 'OpenSource'),
(91, 0, 'Alpha'),
(92, 0, 'Beta'),
(93, 0, 'Kermel'),
(94, 1, 'Kernel'),
(95, 0, 'Chanel'),
(96, 0, 'Shell'),
(97, 0, 'Kernel é a interface gráfica do Linux, similar ao Windows XP.'),
(98, 1, 'Funciona em dezenas de plataformas, diversas arquiteturas e dispositivos'),
(99, 0, 'O KDE é o navegador nativo do Linux.'),
(100, 0, 'A GPL é uma licença que não permite comercializar o Linux.'),
(101, 1, 'Revogar ou adicionar restrições às regras de uso'),
(102, 0, 'Executar o programa para qualquer propósito.'),
(103, 0, 'Estudar como o programa funciona e adaptá-lo'),
(104, 0, 'Redistribuir cópias do programa'),
(105, 0, 'dpkg -L'),
(106, 0, 'dpkg -P'),
(107, 1, 'dpkg -p'),
(108, 0, 'dpkg -l'),
(109, 0, 'dpkg -l mozilla'),
(110, 0, 'dpkg -c | grep mozilla'),
(111, 1, 'dpkg -l | grep mozilla'),
(112, 0, 'dpkg -L | more mozilla'),
(113, 0, 'get-apt check'),
(114, 0, 'apt-cahe check'),
(115, 0, 'get-apt -c'),
(116, 1, 'apt-get check'),
(117, 1, 'apt-get dist-upgrade'),
(118, 0, 'apt-get dist-update'),
(119, 0, 'apt-cahe dist-upgrade'),
(120, 0, 'apt-get -p dist-upgrade'),
(121, 0, 'apt-get --dep install'),
(122, 0, 'apt-get -d install'),
(123, 1, 'apt-get -f install'),
(124, 0, 'apt-get -vd install'),
(125, 0, 'Sessão, apresentação, física, enlace, rede, transporte e aplicação.'),
(126, 0, 'Apresentação, aplicação, sessão, rede, transporte, enlace e física.'),
(127, 0, 'Aplicação, apresentação, sessão, transporte, rede, enlace e física.'),
(128, 1, 'Física, Enlace, Rede, Transporte, Sessão, Apresentação e Aplicação.'),
(129, 0, 'A transmissão se dá em um único sentido.'),
(130, 0, 'Transmissão se dá nos dois sentidos de forma simultânea.'),
(131, 1, 'Transmissão se dá nos dois sentidos de forma alternada.'),
(132, 0, 'Transmissão pode ser configurada de acordo com o usuário.'),
(133, 1, 'Revogar ou adicionar restrições retroativas às regras de uso do programa.'),
(134, 0, 'Executar o programa para qualquer propósito.'),
(135, 0, 'Estudar como o programa funciona e adaptá-lo às suas necessidades.'),
(136, 0, 'Redistribuir cópias do programa.'),
(137, 1, 'C '),
(138, 0, 'C#'),
(139, 0, 'Java'),
(140, 0, 'Python'),
(141, 0, 'API, DLLs e interface'),
(142, 0, 'Sistema de arquivo, Interface e diretórios'),
(143, 1, 'Sistema de arquivo, aplicações e interface'),
(144, 0, 'Sistema de arquivo, aplicações e DLLs'),
(145, 0, 'DEV'),
(146, 0, 'BIN'),
(147, 1, 'PROC'),
(148, 0, 'TMP'),
(149, 1, 'Um link entre aplicações'),
(150, 0, 'Arquivo temporário para subescrever outros arquivos'),
(151, 0, 'Arquivo de imagem'),
(152, 0, 'Arquivo de transição do kernel'),
(153, 0, '7'),
(154, 1, '8'),
(155, 0, '10'),
(156, 0, '12'),
(157, 0, '_$variavel = 123'),
(158, 0, 'DECLARE $variavel = “texto”'),
(159, 0, '$variavel = “12” DECLARE'),
(160, 1, '$variavel =  true'),
(161, 1, 'Transforma classes em tabelas no banco de dados.'),
(162, 0, 'Faz a conexão do Projeto Web com o banco de dados.'),
(163, 0, 'Permite que o projeto Web acesse o banco de dados.'),
(164, 0, 'Transforma tabelas do banco de dados em classes.'),
(165, 0, 'Facade'),
(166, 0, 'Builder'),
(167, 1, 'Memento'),
(168, 0, 'Composite'),
(169, 0, 'Teste de caixa branca'),
(170, 1, 'Teste de caixa preta'),
(171, 0, 'Teste de caixa cinza'),
(172, 0, 'Teste de caixa roxa'),
(173, 1, 'Cascata'),
(174, 0, 'Espiral'),
(175, 0, 'Incremental'),
(176, 0, 'Prototipagem'),
(177, 0, '1+1=2'),
(178, 0, '1x10=1'),
(179, 1, '1+1=10'),
(180, 0, '1+10=1'),
(181, 0, 'Criação.'),
(182, 0, 'Programação.'),
(183, 0, 'Exclusão.'),
(184, 1, 'Formatação.'),
(185, 0, 'Text-Size.'),
(186, 0, 'Text.'),
(187, 0, 'Style-size.'),
(188, 1, 'Font-size.'),
(189, 0, '20 padrões e está basicamente dividido em duas seções: Structural e Behavioral.'),
(190, 0, '21 padrões e está basicamente dividido em duas seções: Creational e Behavioral.'),
(191, 0, '23 padrões e está basicamente dividido em duas seções: Structural e Behavioral.'),
(192, 1, '23 padrões e está, basicamente, dividido em três seções: Creational, Structural e Behavioral.'),
(193, 1, 'Template Method.'),
(194, 0, 'Decorator.'),
(195, 0, 'Interpreter.'),
(196, 0, 'Observer.'),
(197, 0, 'Iterator.'),
(198, 1, 'Singleton.'),
(199, 0, 'Visitor.'),
(200, 0, 'Memento.'),
(201, 0, 'DDR'),
(202, 1, 'ROM'),
(203, 0, 'DDR3'),
(204, 0, 'RAM'),
(205, 1, 'EPROM é uma memória ROM programável mediante o uso de ultravioleta em uma pequena janela do chip.'),
(206, 0, 'EEPROM é uma memória RAM programável eletricamente, podendo ser reprogramada por meio da BIOS.'),
(207, 0, 'BIOS é uma parte da memória RAM programável mediante o uso de Raios infravermelhos ou laser.'),
(208, 0, 'FLASH BIOS é uma memória ROM não programável inclusa na BIOS por meio de um grampo elétrico.'),
(209, 0, 'velocidade elevada, precisa de contínuos refrescamentos e alto custo por byte armazenado.'),
(210, 0, 'velocidade elevada, não precisa de contínuos refrescamentos e baixo custo por byte armazenado.'),
(211, 0, 'velocidade baixa, precisa de contínuos refrescamentos e baixo custo por byte armazenado.'),
(212, 1, 'velocidade elevada, não precisa de contínuos refrescamentos e alto custo por byte armazenado.'),
(213, 0, 'byte.'),
(214, 0, 'endereço.'),
(215, 1, 'palavra.'),
(216, 0, 'dado.'),
(217, 0, 'Sistema Brasileiro de Informação Organizado.'),
(218, 1, 'Sistema Básico de Entrada e Saída.'),
(219, 0, 'Sistema Biônico de Tecnologia.'),
(220, 0, 'Nenhuma das opções estão corretas.'),
(221, 1, 'à adequação de sua fala à conversa com um amigo, caracterizada pela informalidade.'),
(222, 0, 'à iniciativa do cliente em se apresentar como funcionário do banco. '),
(223, 0, 'ao fato de ambos terem nascido em Uberlândia (Minas Gerais). '),
(224, 0, 'à intimidade forçada pelo cliente ao fornecer seu nome completo'),
(225, 0, 'demonstrar a clareza e a complexidade da nossa língua materna.'),
(226, 1, 'situar os dois lados da interlocução em posições simétricas.'),
(227, 0, 'comprovar a importância da correção gramatical nos diálogos cotidianos.'),
(228, 0, 'mostrar como as línguas indígenas foram incorporadas à língua portuguesa.'),
(229, 0, 'implementar a fala, tendo em vista maior desenvoltura e segurança no uso da língua.'),
(230, 0, 'conhecer gêneros mais formais da modalidade oral para a obtenção de clareza na comunicação.'),
(231, 0, 'dominar as diferentes variedades do registro oral para escrever com eficiência e correção.'),
(232, 1, 'empregar vocabulário adequado e usar regras da norma padrão em se tratando da modalidade escrita.'),
(233, 0, 'regional, pela presenc?a de le?xico de determinada regia?o do Brasil.'),
(234, 0, 'litera?rio, pela conformidade com as normas da grama?tica.'),
(235, 1, 'te?cnico, por meio de expresso?es pro?prias de textos científicos.'),
(236, 0, 'coloquial, por meio do registro de informalidade.'),
(237, 0, 'contribuição dos índios na escolarização dos brasileiros.'),
(238, 0, 'diferença entre as línguas dos colonizadores e as dos indígenas.'),
(239, 0, 'origem das diferenças entre a língua portuguesa e as línguas tupi.'),
(240, 1, 'interação pacífica no uso da língua portuguesa e da língua tupi.'),
(241, 0, 'inauguração do museu e o grande investimento em cultura no país.'),
(242, 1, 'importância da língua para a construção da identidade nacional.'),
(243, 0, 'afetividade tão comum ao brasileiro, retratada através da língua.'),
(244, 0, 'relação entre o idioma e as políticas públicas na área de cultura.'),
(245, 1, 'existem variedades regionais para nomear uma mesma espécie de planta.'),
(246, 0, 'mandioca é nome específico para a espécie existente na região amazônica.'),
(247, 0, '“pão-de-pobre” é designação específica para a planta da região amazônica.'),
(248, 0, 'os nomes designam espécies diferentes da planta, conforme a região.'),
(249, 1, 'predomínio de linguagem informal entrecortada por pausas.'),
(250, 0, 'vocabulário regional desconhecido em outras variedades do português.'),
(251, 0, 'realização do plural conforme as regras da tradição gramatical.'),
(252, 0, 'ausência de elementos promotores de coesão entre os eventos narrados.'),
(253, 0, 'Os aluno de Sistemas é inteligente. '),
(254, 1, 'Que garotos lindas!'),
(255, 0, 'As menina cresceu muito de um ano pro outro.'),
(256, 0, 'Miga, seje menas!'),
(257, 0, '“Má reputação” e “reputação má”.'),
(258, 0, '“Querido amigo” e “amigo querido”.'),
(259, 1, '“Pobre rapaz” e “rapaz pobre”.'),
(260, 0, '“Passe a manga da camisa” e “Que manga deliciosa”.'),
(261, 0, 'Ônibus, como escreve isso aqui?'),
(262, 0, 'Vamos falar linguagem macaco? '),
(263, 1, 'Assim começa uma conversa. '),
(264, 0, 'Vamos escrever linguagem macaco? '),
(265, 0, 'Cabriocárica, Xonisvalkiria, tirano, aericoptelizados. '),
(266, 0, 'Cabriocárica, aparência, tirano, aericoptelizados.'),
(267, 0, 'Feliz, amado, querido, lídel.'),
(268, 1, 'Cabriocárica, lídel, mediováigel, aericoptelizados.'),
(269, 1, 'Tipo 2; Tipo 1; Tipo 1. '),
(270, 0, 'Tipo 2; Tipo 1; Tipo 2.'),
(271, 0, 'Tipo 1; Tipo 2; Tipo 2.'),
(272, 0, 'Tipo 2; Tipo 2; Tipo 2. '),
(273, 0, '“Isso é um desaforo”'),
(274, 0, '“Diz que eu tou aqui com alegria”'),
(275, 1, '“Vou  mostrar pr’esses cabras”'),
(276, 0, '“Vai, chama  Maria, chama  Luzia”'),
(277, 0, 'I.'),
(278, 0, 'II.'),
(279, 1, 'III.'),
(280, 0, 'I e III.'),
(281, 0, 'descartar as marcas de informalidade do texto.'),
(282, 0, 'reservar o emprego da norma padrão aos textos de circulação ampla.'),
(283, 0, 'moldar a norma padrão do português pela linguagem do discurso jornalístico.'),
(284, 1, 'adequar as formas da língua a diferentes tipos de texto e contexto.'),
(285, 0, 'desobediência à norma-padrão, requerida em ambientes urbanos.'),
(286, 0, 'inadequação linguística das expressões cariocas às situações sociais apresentadas.'),
(287, 0, 'reconhecimento da variação linguística, segundo o grau de escolaridade dos falantes.'),
(288, 1, 'identificação de usos linguísticos próprios da tradição cultural carioca.'),
(289, 0, 'visitem o interior de todos os museus do mundo em 3D e em altíssima resolução.'),
(290, 1, 'visualizem algumas obras de arte em alta resolução e obtenham informações sobre suas origens.'),
(291, 0, 'reproduzam as novas obras de arte expostas em museus espalhados pelo mundo.'),
(292, 0, 'criem novas obras de arte em 360 graus, consultem seus metadados e os compartilhem na internet.'),
(293, 1, 'Mãe, chega aqui, rapidinho!'),
(294, 0, 'Chega! Cansei de você!'),
(295, 0, 'Aí cheguei e disse assim: Vem cá, quem você pensa que é?'),
(296, 0, 'Chega de mentiras, de brigar com o meu desejo, eu te quero mais que tudo...'),
(297, 1, 'nome ou pronome.'),
(298, 0, 'verbo ou advérbio.'),
(299, 0, 'marca de tempo ou de espaço.'),
(300, 0, 'conjunção ou preposição. '),
(301, 0, 't?\'ana hakari, ‘eo o \'Orohe, t?\'aku amice.'),
(302, 1, 't?\'ona hakari, ‘eo \'a \'Orohe, t?\'oku amice.'),
(303, 0, 't?\'ana hakari, ‘eo o \'Orohe, t?\'oku amice.'),
(304, 0, 't?\'ona hakari, ‘eo \'o \'Orohe, t?\'aku amice.'),
(305, 0, 'Você é um zero à esquerda. '),
(306, 0, 'Você caiu no meu conceito. '),
(307, 1, 'Seu sorriso é como manhã de sol. '),
(308, 0, 'Aconteceu algo? Hoje você está tão pra baixo. '),
(309, 0, 'regional'),
(310, 0, 'histórica'),
(311, 1, 'etária'),
(312, 0, 'de instrução'),
(313, 0, 'gênero textual, tipo textual, tipo textual, gênero textual'),
(314, 0, 'tipo textual, gênero textual, tipo textual, gênero textual. '),
(315, 0, 'gênero textual, tipo textual, gênero textual, tipo textual. '),
(316, 1, 'tipo textual, gênero textual, gênero textual, tipo textual. '),
(317, 0, 'Palestra.'),
(318, 0, 'Livro didático.'),
(319, 0, 'Aula.'),
(320, 1, 'Receita.'),
(321, 1, 'Aula.'),
(322, 0, 'Fofoca.'),
(323, 0, 'Romance.'),
(324, 0, 'Conto.'),
(325, 0, 'Horóscopo, carta, anúncio publicitário, romance.'),
(326, 1, 'Receita, exercícios de fixação, horóscopo, manual de instrução.'),
(327, 0, 'Seminário, comunicação, palestra, TCC.'),
(328, 0, 'Anúncio publicitário, whatsapp, instagram, Facebook.'),
(329, 0, 'História em quadrinhos, tela, escultura, grafite.'),
(330, 0, 'Convite de aniversário, música, notícia jornalística, classificados.'),
(331, 1, 'Sermão, artigo de opinião, briga de namorados, TCC.'),
(332, 0, 'Classificados, anúncio publicitário, receita, monografia. '),
(333, 0, 'Rótulo.'),
(334, 0, 'Perfil de Tinder.'),
(335, 0, 'Amigo Oculto. '),
(336, 1, 'História em Quadrinhos.'),
(337, 1, 'Livro, jornal, rádio, Whatsapp. '),
(338, 0, 'Instagram, Whatsapp, Snapchat, camisa.'),
(339, 0, 'Parede, muro, camisa, corpo humano. '),
(340, 0, 'Quadro de avisos, outdoor, faixa, para-choque de caminhão.'),
(341, 0, 'Telefone.'),
(342, 0, 'Whatsapp.'),
(343, 1, 'Muro.'),
(344, 0, 'Outdoor.'),
(345, 0, 'A consideração da norma gramatical padrão.'),
(346, 1, 'A consideração de fatores extralinguísticos.'),
(347, 0, 'A consideração de fatores intralinguísticos. '),
(348, 0, 'A consideração da variedade regional do português brasileiro.'),
(349, 0, 'Subtítulo.'),
(350, 0, 'Volume.'),
(351, 0, 'Cidade da editora.'),
(352, 1, 'Número.'),
(353, 0, 'Ponto.'),
(354, 1, 'Ponto e vírgula. '),
(355, 0, 'Vírgula.'),
(356, 0, 'Hífen.'),
(357, 1, 'Deve-se colocar apenas o nome do primeiro autor seguido da expressão “et al”. '),
(358, 0, 'Os nomes devem ser dispostos em ordem alfabética.'),
(359, 0, 'Deve-se colocar primeiro os sobrenomes em caixa alta, e após os nomes.'),
(360, 0, 'Deve-se colocar apenas os sobrenomes em caixa alta, e após os nomes abreviados.'),
(361, 0, 'Se o autor do livro for o mesmo autor do capítulo, utiliza-se quatro underline’s em substituição.'),
(362, 0, 'O título do capítulo não é destacado. '),
(363, 1, 'Deve-se listar, no final da referência, o número de folhas do capítulo.'),
(364, 0, 'Apenas o título do livro deve ser destacado. '),
(365, 1, 'Apenas o título do artigo deve vir em destaque. '),
(366, 0, 'Apenas o título do periódico deve vir em destaque. '),
(367, 0, 'A abreviação de volume nas referências de periódicos deve ser “v.”. '),
(368, 0, 'Deve conter o número do periódico. '),
(369, 0, 'Volume e número de folhas.'),
(370, 0, 'Título do site e título do artigo.'),
(371, 1, 'URL e data de acesso. '),
(372, 0, 'Cidade e edição. '),
(373, 0, 'Título do artigo.'),
(374, 1, 'Nome do evento. '),
(375, 0, 'Edição do evento. '),
(376, 0, 'A palavra “Anais”. '),
(377, 0, 'SARAMAGO, José. Caim. Lisboa: Sextante Editora, 2001. '),
(378, 0, 'SARAMAGO, José. Caim. 2.ed. Lisboa. Sextante Editora, 2001.'),
(379, 0, 'SARAMAGO, José. Caim. 2. ed. Lisboa, Sextante Editora, 2001.'),
(380, 1, 'SARAMAGO, J. Caim. Lisboa: Sextante Editora, 2001. '),
(381, 0, 'QUEIRÓS, Eça de. O primo Basílio. 32.ed. Rio de Janeiro: Nova Fronteira, 1998.'),
(382, 1, 'FARIA, Almeida. O conquistador. Lisboa. Rocco, 1993.'),
(383, 0, 'ALMEIDA, S. G. Cartografias contemporâneas. Rio de Janeiro: 7Letras, 2015.'),
(384, 0, 'GERSÃO, Teolinda. A cidade de Ulisses. Lisboa: Sextante, 2011.'),
(385, 0, 'São listadas ao início de cada texto, em ordem alfabética. '),
(386, 0, 'Têm seu padrão definido internacionalmente pela Associação Internacional de Normas Técnicas.'),
(387, 1, 'Referem-se apenas aos textos efetivamente usados e citados ao longo de um dado texto.'),
(388, 0, 'São separadas conforme o tipo de texto utilizado. '),
(389, 0, 'Mencionar entre colchetes que a informação se encontra na orelha do livro. '),
(390, 1, 'Citar normalmente, indicando, no lugar da página, a expressão “[s.p.]”.'),
(391, 0, 'Não se deve citar textos da orelha do livro.'),
(392, 0, 'Citar normalmente, indicando a página como 01. Ex: “p. 01”. '),
(393, 1, 'Sobrenome do autor em caixa alta, ano, página. '),
(394, 0, 'Sobrenome do autor em caixa alta e ano.'),
(395, 0, 'Sobrenome do autor em caixa alta, nome, título, cidade da editora, editora e ano.'),
(396, 0, 'Sobrenome do autor com apenas a primeira letra em maiúscula, ano, página. '),
(397, 0, 'Ter recuo à esquerda de 1,5 cm. '),
(398, 0, 'Ser colocada entre aspas.'),
(399, 0, 'Ter espaçamento de 1,5 cm entrelinhas. '),
(400, 1, 'Nenhuma das respostas anteriores.'),
(401, 0, 'Ter recuo à esquerda de 4cm. '),
(402, 0, 'Ser colocada entre aspas.'),
(403, 1, 'Apresentar apenas o nome do autor e o ano da publicação. '),
(404, 0, 'Ter espaçamento simples. '),
(405, 1, 'Direta.'),
(406, 0, 'Indireta.'),
(407, 0, 'Indireta livre.'),
(408, 0, 'Nenhuma das respostas anteriores. '),
(409, 1, 'Correta.'),
(410, 0, 'Incorreta.'),
(411, 0, 'Parcialmente correta.'),
(412, 0, 'Nenhuma das respostas anteriores. '),
(413, 0, 'é uma abordagem democrática que assume uma postura ética acerca das questões sociais.'),
(414, 0, 'considera que textos autênticos devem ser analisados em seu contexto de uso.'),
(415, 0, 'leva em consideração fatores textuais e extratextuais. '),
(416, 1, 'leva em consideração fatores exclusivamente textuais. '),
(417, 0, 'Ênfase.'),
(418, 0, 'Omissão.'),
(419, 1, 'Correção gramatical.'),
(420, 0, 'Seleção lexical.'),
(421, 0, 'Os PTbulls. '),
(422, 0, 'Os bozonaristas.'),
(423, 1, 'O bando dos caras tapadas.'),
(424, 0, 'Homossexualismo. '),
(425, 0, 'Intertextualidade.'),
(426, 0, 'Informatividade.'),
(427, 0, 'Aceitabilidade.'),
(428, 1, 'Pressuposição.'),
(429, 0, 'Adjetivos.'),
(430, 1, 'Conjunções.'),
(431, 0, 'Substantivos.'),
(432, 0, 'Advérbios.'),
(433, 0, 'A maçã está sobre a mesa. Pegue-a por favor. '),
(434, 1, 'Pedro comprou um carro novo, mas não imaginava gastar tanto.'),
(435, 0, 'Vocês já assistiram ao filme “Ela”? Ele é ótimo para pensar na relação entre homem e máquina.'),
(436, 0, 'Você visitou a Europa? Lá faz muito frio? '),
(437, 0, 'Máquina.'),
(438, 0, 'Energia elétrica.'),
(439, 0, 'Está faltando.'),
(440, 1, 'Nenhuma das respostas anteriores.'),
(441, 1, 'introduz procedimentos prescritivos na composição do poema.'),
(442, 0, 'explicita as etapas essenciais à preparação de uma receita.'),
(443, 0, 'explora elementos temáticos presentes em uma receita.'),
(444, 0, 'apresenta organização estrutural típica de um poema.'),
(445, 1, 'conto, porque discute problemas existenciais e sociais de um fraudador.'),
(446, 0, 'notícia, porque relata fatos que resultaram no indiciamento de um fraudador.'),
(447, 0, 'crônica, porque narra o imprevisto que levou a polícia a prender um fraudador.'),
(448, 0, 'editorial, porque opina sobre aspectos linguísticos dos documentos redigidos por um fraudador.'),
(449, 0, 'conjunção (quando).'),
(450, 0, 'adjetivo (irresistível).'),
(451, 1, 'verbo no imperativo (descubra).'),
(452, 0, 'palavra do campo afetivo (paixão).'),
(453, 0, 'isentar o hotel de responsabilidade por danos causados aos hóspedes.'),
(454, 0, 'impedir a destruição das câmeras como meio de apagar evidências.'),
(455, 1, 'assegurar que o hotel resguardará a privacidade dos hóspedes.'),
(456, 0, 'inibir as pessoas de circular em uma área específica do hotel.'),
(457, 0, 'receita mistura-se ao gênero propaganda com a finalidade de instruir o leitor.'),
(458, 0, 'receita é utilizada no gênero propaganda a fim de divulgar exemplos de vida.'),
(459, 1, 'propaganda assume a forma do gênero receita para divulgar um produto alimentício.'),
(460, 0, 'propaganda perde poder de persuasão ao assumir a forma do gênero receita.'),
(461, 0, 'marcar a classe social das personagens.'),
(462, 1, 'caracterizar usos linguísticos de uma região.'),
(463, 0, 'enfatizar a relação familiar entre as personagens.'),
(464, 0, 'sinalizar a influência do gênero nas escolhas vocabulares.'),
(465, 0, 'apresentam ocorrências de  hesitações  e reformulações.'),
(466, 0, 'são  modelos de  emprego de regras gramaticais.'),
(467, 0, 'são exemplos de uso  não  planejado da língua.'),
(468, 1, 'são  amostras do  português  culto  urbano.'),
(469, 1, 'contexto sócio-histórico.'),
(470, 0, 'diversidade étnica.'),
(471, 0, 'descoberta geográfica.'),
(472, 0, 'apropriação religiosa.'),
(473, 0, 'marcação temporal, evidenciada pela presença de palavras indicativas dos dias da semana.'),
(474, 1, 'tom humorístico, ocasionado pela ocorrência de palavras empregadas em contextos formais.'),
(475, 0, 'caracterização da identidade linguística dos interlocutores, percebida pelas palavras regionais.'),
(476, 0, 'distanciamento entre os interlocutores, provocado por palavras com significados pouco conhecidos.'),
(477, 0, 'recuperação histórica do significado.'),
(478, 1, 'restrição ao uso de um vocábulo pouco aceito socialmente.'),
(479, 0, 'ampliação do sentido de uma palavra.'),
(480, 0, 'produção imprópria de poetas portugueses.'),
(481, 0, '-Comprovar as afirmações através da ciência. '),
(482, 1, 'Aproximar o leitor, indicando cumplicidade. '),
(483, 0, 'Indicar o distanciamento do leitor. '),
(484, 0, 'Caracterizar a objetividade do texto. '),
(485, 0, 'Um texto pode ser narrativo e apresentar elementos descritivos.  '),
(486, 1, 'O trecho seguinte não apresenta coesão textual: A não ser que estudes, serás  reprovado.  '),
(487, 0, 'Falta de coerência pode significar também falta de lógica.  '),
(488, 0, 'O texto narrativo tem como base o fato. '),
(489, 0, 'Dissertativo.'),
(490, 0, 'Explicativo.'),
(491, 1, 'Narrativo.'),
(492, 0, 'Descritivo.'),
(493, 0, 'Contextualidade.'),
(494, 0, 'Superposição.'),
(495, 1, 'Intertextualidade.'),
(496, 0, 'Interlocução.'),
(497, 0, 'Na minha opinião, todos deveriam aderir ao movimento.  '),
(498, 0, 'Eu considero que sua atitude foi equivocada.   '),
(499, 1, 'Os assistentes sociais reconhecem a importância de um atendimento cuidadoso.  '),
(500, 0, 'Verifiquei o estado precário do mobiliário das unidades.  '),
(501, 0, 'Todas estão corretas.   '),
(502, 0, 'Somente I e II estão corretas.   '),
(503, 0, 'Somente II e III estão corretas'),
(504, 1, 'Somente III está correta.  '),
(505, 0, 'Os editoriais a serem publicados em jornais.  '),
(506, 0, 'O material didático utilizado em sala de aula. '),
(507, 0, 'As revistas especializadas em moda.'),
(508, 1, 'As publicações mencionadas em bibliografias.  '),
(509, 1, 'II e IV.'),
(510, 0, 'I  e III.'),
(511, 0, 'Apenas IV.'),
(512, 0, 'Apenas II.'),
(513, 1, 'padronizar e uniformizar os trabalhos acadêmicos.  '),
(514, 0, 'padronizar as edições de revistas e jornais.  '),
(515, 0, 'descrever dados e fatos na área acadêmica.   '),
(516, 0, 'dar assistência aos estudantes em suas aulas.  '),
(517, 1, 'a língua é um importante instrumento de constituição social de seus usuários.'),
(518, 0, 'o modo de falar o português padrão deve ser divulgado ao grande público.'),
(519, 0, 'a escola precisa de parceiros na tarefa de valorização da língua portuguesa.'),
(520, 0, 'o contato do público com a norma-padrão solicita o uso de tecnologia de última geração.'),
(521, 0, 'alternâncias na sonoridade.'),
(522, 1, 'adequação às situações de uso.'),
(523, 0, 'marcação flexional das palavras.'),
(524, 0, 'grafia na norma-padrão da língua.'),
(525, 1, 'falante do português brasileiro relatando seu contato na Europa com o português lusitano.'),
(526, 0, 'imigrante em Lisboa com domínio dos registros formal e informal do português europeu.'),
(527, 0, 'turista europeu com domínio de duas variedades do português em visita a Lisboa.'),
(528, 0, 'português com domínio da variedade coloquial da língua falada no Brasil.'),
(529, 0, '“Pela primeira vez na vida teve pena de haver tantos assuntos no mundo.”'),
(530, 0, '“Os assuntos que não compreendia eram uma espécie de tontura, mas o Ilídio era forte.”'),
(531, 0, '“Essa certeza dava-lhe forças para protestar mais, para gritar até, se lhe apetecesse.”'),
(532, 1, '“Se calhar estava a falar de tratar da cabra: nunca esqueças de tratar da cabra.”'),
(533, 0, 'definições teóricas, para permitir que seus conselhos sejam úteis aos futuros jornalistas.'),
(534, 0, 'gírias não dicionarizadas, para imitar a linguagem de jovens de baixa escolaridade.'),
(535, 1, 'palavras de uso coloquial, para estabelecer uma interação satisfatória com a interlocutora.'),
(536, 0, 'termos da linguagem jornalística, para causar boa impressão na jovem entrevistadora.'),
(537, 0, 'As palavras mãe e filho, que explicitam a relação de parentesco.'),
(538, 0, 'Os usos do verbo “estar” (está e tô).'),
(539, 0, 'O uso do verbo no gerúndio na primeira frase.'),
(540, 1, 'Nenhuma das respostas anteriores.');

-- --------------------------------------------------------

--
-- Estrutura da tabela `disciplina`
--

CREATE TABLE `disciplina` (
  `ID` bigint(20) NOT NULL,
  `DESCRICAO` varchar(255) DEFAULT NULL,
  `HABILITAR` tinyint(1) DEFAULT '0'
) ENGINE=InnoDB DEFAULT CHARSET=utf8;

--
-- Extraindo dados da tabela `disciplina`
--

INSERT INTO `disciplina` (`ID`, `DESCRICAO`, `HABILITAR`) VALUES
(1, 'Português', 0),
(2, 'História', 0),
(3, 'Segurança da Informação', 1),
(4, 'Lógica Computacional', 1),
(5, 'Redes de Computadores', 1),
(6, 'Software Livre', 1),
(7, 'Sistemas da Informação', 1),
(8, 'Programação', 1),
(9, 'Gerência de Projeto', 1),
(10, 'Programação Estruturada', 1),
(11, 'Introdução a Informática', 1),
(12, 'PHP', 1),
(13, 'Qualidade de Software', 1),
(14, 'aaaaaaa', 1),
(15, 'Variação Linguística', 1),
(16, 'Normas da ABNT', 1),
(17, 'Comunicação e Expressão', 1);

-- --------------------------------------------------------

--
-- Estrutura da tabela `pergunta`
--

CREATE TABLE `pergunta` (
  `ID` bigint(20) NOT NULL,
  `DESCRICAO` longtext,
  `DIFICULDADE` varchar(255) DEFAULT NULL,
  `HABILITAR` tinyint(1) DEFAULT '0',
  `TAGS` longblob,
  `TEMPO` int(11) DEFAULT NULL,
  `DISCIPLINA_ID` bigint(20) DEFAULT NULL
) ENGINE=InnoDB DEFAULT CHARSET=utf8;

--
-- Extraindo dados da tabela `pergunta`
--

INSERT INTO `pergunta` (`ID`, `DESCRICAO`, `DIFICULDADE`, `HABILITAR`, `TAGS`, `TEMPO`, `DISCIPLINA_ID`) VALUES
(1, 'pergunta 1', 'DIFICIL', 0, 0xaced0005737200136a6176612e7574696c2e41727261794c6973747881d21d99c7619d03000149000473697a6578700000000077040000000078, 60, 1),
(2, 'PERGUNTA 2', 'DIFICIL', 0, 0xaced0005737200136a6176612e7574696c2e41727261794c6973747881d21d99c7619d03000149000473697a6578700000000077040000000078, 45, 2),
(3, 'PERGUNTA 3', 'DIFICIL', 0, 0xaced0005737200136a6176612e7574696c2e41727261794c6973747881d21d99c7619d03000149000473697a6578700000000077040000000078, 53, 1),
(4, 'PERGUNTA 4 ', 'DIFICIL', 0, 0xaced0005737200136a6176612e7574696c2e41727261794c6973747881d21d99c7619d03000149000473697a6578700000000077040000000078, 49, 1),
(5, 'PERGUNTA 5	', 'DIFICIL', 0, 0xaced0005737200136a6176612e7574696c2e41727261794c6973747881d21d99c7619d03000149000473697a6578700000000077040000000078, 31, 1),
(6, 'Considera-se uma característica de um sistema aberto:', 'FACIL', 0, 0xaced0005737200136a6176612e7574696c2e41727261794c6973747881d21d99c7619d03000149000473697a6578700000000077040000000078, 39, 7),
(7, 'No processo de tomada de decisão, a palavra que identificam as várias soluções para o problema é:', 'FACIL', 0, 0xaced0005737200136a6176612e7574696c2e41727261794c6973747881d21d99c7619d03000149000473697a6578700000000077040000000078, 39, 9),
(8, 'Em quantas camadas se divide o modelo de referência OSI?', 'FACIL', 0, 0xaced0005737200136a6176612e7574696c2e41727261794c6973747881d21d99c7619d03000149000473697a6578700000000077040000000078, 39, 5),
(9, 'O que é uma rede de computadores?', 'MEDIO', 0, 0xaced0005737200136a6176612e7574696c2e41727261794c6973747881d21d99c7619d03000149000473697a6578700000000077040000000078, 99, 5),
(10, 'Quanto à dispersão geográfica como são classificadas as redes de computadores?', 'DIFICIL', 0, 0xaced0005737200136a6176612e7574696c2e41727261794c6973747881d21d99c7619d03000149000473697a6578700000000077040000000078, 180, 5),
(11, 'Dos equipamentos de rede abaixo, qual tem a função de escolher o melhor caminho para o envio da informação?', 'FACIL', 0, 0xaced0005737200136a6176612e7574696c2e41727261794c6973747881d21d99c7619d03000149000473697a6578700000000077040000000078, 39, 5),
(12, 'Qual camada do Modelo OSI é responsável pela correção de erros e fluxo de dados de modo básico?', 'MEDIO', 0, 0xaced0005737200136a6176612e7574696c2e41727261794c6973747881d21d99c7619d03000149000473697a6578700000000077040000000078, 99, 5),
(13, 'Quais são os principais protocolos da camada de Transporte?', 'FACIL', 0, 0xaced0005737200136a6176612e7574696c2e41727261794c6973747881d21d99c7619d03000149000473697a6578700000000077040000000078, 39, 5),
(14, 'Quais são as principais funções da camada de rede?', 'MEDIO', 0, 0xaced0005737200136a6176612e7574696c2e41727261794c6973747881d21d99c7619d03000149000473697a6578700000000077040000000078, 99, 5),
(15, 'Quantas camadas tem o modelo padrão TCP/IP?', 'DIFICIL', 0, 0xaced0005737200136a6176612e7574696c2e41727261794c6973747881d21d99c7619d03000149000473697a6578700000000077040000000078, 180, 5),
(16, 'A qual camada pertence o protocolo IP?', 'FACIL', 0, 0xaced0005737200136a6176612e7574696c2e41727261794c6973747881d21d99c7619d03000149000473697a6578700000000077040000000078, 39, 5),
(17, 'Como é denominado o protocolo de configuração dinâmica de IP?', 'FACIL', 0, 0xaced0005737200136a6176612e7574696c2e41727261794c6973747881d21d99c7619d03000149000473697a6578700000000077040000000078, 39, 5),
(18, 'O que é Intranet?', 'FACIL', 0, 0xaced0005737200136a6176612e7574696c2e41727261794c6973747881d21d99c7619d03000149000473697a6578700000000077040000000078, 39, 3),
(19, 'O que é um RAT?', 'MEDIO', 0, 0xaced0005737200136a6176612e7574696c2e41727261794c6973747881d21d99c7619d03000149000473697a6578700000000077040000000078, 99, 7),
(20, 'Qual destes malwares são usados para roubar dados da rede não criptografados?', 'FACIL', 0, 0xaced0005737200136a6176612e7574696c2e41727261794c6973747881d21d99c7619d03000149000473697a6578700000000077040000000078, 39, 3),
(21, 'Qual desse domínio foi criado para fornecer mais segurança?', 'FACIL', 0, 0xaced0005737200136a6176612e7574696c2e41727261794c6973747881d21d99c7619d03000149000473697a6578700000000077040000000078, 39, 3),
(22, 'O navegador exclusivo da Microsoft 2010 é o:', 'MEDIO', 0, 0xaced0005737200136a6176612e7574696c2e41727261794c6973747881d21d99c7619d03000149000473697a6578700000000077040000000078, 99, 7),
(23, 'Com base no conceito e nas características, é sinônimo de “software livre”:', 'FACIL', 0, 0xaced0005737200136a6176612e7574696c2e41727261794c6973747881d21d99c7619d03000149000473697a6578700000000077040000000078, 39, 6),
(24, 'O Windows e Linux são classificados como sistemas operacionais. A principal diferença entre eles está é seu núcleo. Onde o núcleo do Windows é proprietário e do Linux é livre. Como é chamado o núcleo de um sistema operacional?', 'FACIL', 0, 0xaced0005737200136a6176612e7574696c2e41727261794c6973747881d21d99c7619d03000149000473697a6578700000000077040000000078, 39, 6),
(25, 'A respeito do sistema operacional Linux, assinale a opção correta.', 'MEDIO', 0, 0xaced0005737200136a6176612e7574696c2e41727261794c6973747881d21d99c7619d03000149000473697a6578700000000077040000000078, 99, 6),
(26, 'Um programa de computador que se qualifica como software livre NÃO fornece a liberdade para:', 'MEDIO', 0, 0xaced0005737200136a6176612e7574696c2e41727261794c6973747881d21d99c7619d03000149000473697a6578700000000077040000000078, 99, 6),
(27, 'Qual opção do dpkg exibi detalhes sobre um determinado pacote?', 'DIFICIL', 0, 0xaced0005737200136a6176612e7574696c2e41727261794c6973747881d21d99c7619d03000149000473697a6578700000000077040000000078, 180, 7),
(28, 'Em um sistema Debian, como posso exibir todos os pacotes instalados no sistema que contenham em seu nome a palavra \'mozilla\' com o utilitário dpkg?', 'DIFICIL', 0, 0xaced0005737200136a6176612e7574696c2e41727261794c6973747881d21d99c7619d03000149000473697a6578700000000077040000000078, 180, 6),
(29, 'Utilizando o utilitario apt, qual opção checa a integridade dos pacotes do sistema, ou seja, verifica se não há dependências quebradas?', 'DIFICIL', 0, 0xaced0005737200136a6176612e7574696c2e41727261794c6973747881d21d99c7619d03000149000473697a6578700000000077040000000078, 180, 6),
(30, 'Qual opção do apt-get instala os pacotes básicos e tenta atualizar todo o sistema?', 'DIFICIL', 0, 0xaced0005737200136a6176612e7574696c2e41727261794c6973747881d21d99c7619d03000149000473697a6578700000000077040000000078, 180, 6),
(31, 'Utilizando o utilitário apt-get, qual comando verifica as dependências automaticamente?', 'DIFICIL', 0, 0xaced0005737200136a6176612e7574696c2e41727261794c6973747881d21d99c7619d03000149000473697a6578700000000077040000000078, 180, 6),
(32, 'Qual a ordem correta das camadas?	', 'DIFICIL', 0, 0xaced0005737200136a6176612e7574696c2e41727261794c6973747881d21d99c7619d03000149000473697a6578700000000077040000000078, 180, 5),
(33, 'No modo de transmissão Half-Duplex:', 'MEDIO', 0, 0xaced0005737200136a6176612e7574696c2e41727261794c6973747881d21d99c7619d03000149000473697a6578700000000077040000000078, 100, 5),
(34, 'De acordo com a Free Software Foundation, um programa de computador que se qualifica como software livre NÃO fornece a liberdade para:', 'MEDIO', 0, 0xaced0005737200136a6176612e7574696c2e41727261794c6973747881d21d99c7619d03000149000473697a6578700000000077040000000078, 99, 6),
(35, 'O código abaixo mostrar uma estrutura para printar na tela uma frase. Este código está escrito em qual linguagem de programação?\n\n#include <stdio.h>\nint main(){\n    printf(\"Hello World\");\n    return 0;\n}\n', 'FACIL', 0, 0xaced0005737200136a6176612e7574696c2e41727261794c6973747881d21d99c7619d03000149000473697a6578700000000277040000000274000d70726f6772616d61c3a7c3a36f74000763c3b36469676f78, 39, 10),
(36, 'O computador é uma máquina multinível, com camadas independentes que interagem entre si. Que camadas são essas?', 'FACIL', 0, 0xaced0005737200136a6176612e7574696c2e41727261794c6973747881d21d99c7619d03000149000473697a6578700000000077040000000078, 39, 11),
(37, 'No Linux, existe um diretório especial que só tem seus arquivos criados no momento em que o sistema operacional é ligado. Neste diretório contém informações do que está sendo executado no computador, como CPU e memória. Que diretório é esse?', 'MEDIO', 0, 0xaced0005737200136a6176612e7574696c2e41727261794c6973747881d21d99c7619d03000149000473697a6578700000000077040000000078, 60, 11),
(38, 'Do que se trata um arquivo do tipo PIPE, muito utilizado em sistemas operacionais Linux?', 'FACIL', 0, 0xaced0005737200136a6176612e7574696c2e41727261794c6973747881d21d99c7619d03000149000473697a65787000000002770400000002740004706970657400056c696e757878, 39, 11),
(39, 'O número binário 1000 equivale a qual número decimal abaixo?', 'MEDIO', 0, 0xaced0005737200136a6176612e7574696c2e41727261794c6973747881d21d99c7619d03000149000473697a6578700000000077040000000078, 99, 11),
(40, 'Num código PHP, como deve ser declarada uma variável?', 'MEDIO', 0, 0xaced0005737200136a6176612e7574696c2e41727261794c6973747881d21d99c7619d03000149000473697a6578700000000077040000000078, 99, 12),
(41, 'Em sistemas desenvolvidos em Java, qual o objetivo do Hibernate?', 'MEDIO', 0, 0xaced0005737200136a6176612e7574696c2e41727261794c6973747881d21d99c7619d03000149000473697a6578700000000177040000000174000968696265726e61746578, 99, 8),
(42, 'Qual Padrão de Projeto possui a seguinte característica: “sem violar o encapsulamento, captura e externaliza um estado interno de um objeto, de maneira que o objeto possa ser restaurado para esse estado mais tarde”.', 'DIFICIL', 0, 0xaced0005737200136a6176612e7574696c2e41727261794c6973747881d21d99c7619d03000149000473697a6578700000000077040000000078, 180, 7),
(43, 'Quando de trata de Qualidade de Software, testes são necessários. Qual o tipo de teste que realiza testes funcionais, comportamentais e entrada ou saída de dados? ', 'DIFICIL', 0, 0xaced0005737200136a6176612e7574696c2e41727261794c6973747881d21d99c7619d03000149000473697a6578700000000077040000000078, 180, 13),
(44, 'Qual dos modelos de desenvolvimento de software abaixo é caracterizado por ser sequencial, constante e dividido em fases? ', 'DIFICIL', 0, 0xaced0005737200136a6176612e7574696c2e41727261794c6973747881d21d99c7619d03000149000473697a6578700000000077040000000078, 180, 7),
(45, 'Pela lógica booleana, em conjunto a números de base 2, *binários, as equações geram resultados de mesmo valor semântico aos de base 10. Qual das \"equações\" binárias esta correta? Cálculo e Resposta em Binário.', 'FACIL', 0, 0xaced0005737200136a6176612e7574696c2e41727261794c6973747881d21d99c7619d03000149000473697a6578700000000077040000000078, 39, 4),
(46, 'HTML é uma linguagem de...', 'FACIL', 0, 0xaced0005737200136a6176612e7574696c2e41727261794c6973747881d21d99c7619d03000149000473697a6578700000000077040000000078, 39, 12),
(47, '\"É o tamanho percentual comparado ao tamanho do browser.\" Essa é a definição de:', 'MEDIO', 0, 0xaced0005737200136a6176612e7574696c2e41727261794c6973747881d21d99c7619d03000149000473697a6578700000000077040000000078, 99, 12),
(48, 'O catálogo de padrões de projeto (design patterns) do GoF contém', 'DIFICIL', 0, 0xaced0005737200136a6176612e7574696c2e41727261794c6973747881d21d99c7619d03000149000473697a6578700000000077040000000078, 180, 9),
(49, 'Um dos participantes da equipe de desenvolvimento de um framework deve implementar uma operação em uma das classes desse framework. Seja X o nome dessa classe. Essa operação implementa um algoritmo em particular. Entretanto, há passos desse algoritmo que devem ser implementados pelos usuários do framework através da definição de uma subclasse de X. Sendo assim, qual o padrão de projeto do catálogo GoF (Gang of Four) a ser usado pelo desenvolvedor do framework na implementação da referida operação, dentre os listados a seguir?', 'DIFICIL', 0, 0xaced0005737200136a6176612e7574696c2e41727261794c6973747881d21d99c7619d03000149000473697a6578700000000077040000000078, 180, 9),
(50, 'Por motivo de segurança, deseja-se adicionar registro (log) das operações efetuadas no sistema de contabilidade de uma empresa. O arquiteto do sistema decide que deve existir somente uma instância de uma classe de registro (log) e que esta será o ponto de acesso global para os demais componentes do sistema. Que padrão de projeto pode ser utilizado nesse caso?', 'DIFICIL', 0, 0xaced0005737200136a6176612e7574696c2e41727261794c6973747881d21d99c7619d03000149000473697a6578700000000077040000000078, 180, 9),
(51, 'Quanto às memórias, podemos afirmar que existe uma memória somente de leitura onde seus dados não são perdidos quando desligada. Estamos falando da memória:', 'FACIL', 0, 0xaced0005737200136a6176612e7574696c2e41727261794c6973747881d21d99c7619d03000149000473697a6578700000000077040000000078, 39, 11),
(52, 'Além das memórias RAM (Random Access Memory), os computadores possuem memórias ROM (Read Only Memory) em suas arquiteturas. Com relação a esses tipos de memória, tem-se que', 'MEDIO', 0, 0xaced0005737200136a6176612e7574696c2e41727261794c6973747881d21d99c7619d03000149000473697a6578700000000077040000000078, 129, 11),
(53, 'São características das memórias SRAM:', 'MEDIO', 0, 0xaced0005737200136a6176612e7574696c2e41727261794c6973747881d21d99c7619d03000149000473697a6578700000000077040000000078, 100, 7),
(54, '\nNa arquitetura de von Neumann, a unidade básica de transferência da memória ou para a memória denomina-se:', 'FACIL', 0, 0xaced0005737200136a6176612e7574696c2e41727261794c6973747881d21d99c7619d03000149000473697a6578700000000077040000000078, 39, 7),
(55, 'O que significa BIOS?', 'FACIL', 0, 0xaced0005737200136a6176612e7574696c2e41727261794c6973747881d21d99c7619d03000149000473697a6578700000000077040000000078, 39, 7),
(56, '“Gerente – Boa tarde. Em que eu posso ajudá-lo? \nCliente – Estou interessado em financiamento para compra \nde veículo. \nGerente – Nós dispomos de várias modalidades de crédito. \nO senhor é nosso cliente? \nCliente – Sou Júlio César Fontoura, também sou \nfuncionário do banco. \nGerente – Julinho, é você, cara? Aqui é a Helena! Cê tá \nem Brasília? Pensei que você inda tivesse na agência de \nUberlândia! Passa aqui pra gente conversar com calma.” \n \nNa representação escrita da conversa telefônica entre a gerente do banco e o cliente, observa-se que a maneira de falar da gerente foi alterada de repente devido:\n', 'DIFICIL', 1, 0xaced0005737200136a6176612e7574696c2e41727261794c6973747881d21d99c7619d03000149000473697a6578700000000077040000000078, 180, 15),
(57, '“Quando eu falo com vocês, procuro usar o código de vocês. A figura do índio no Brasil de hoje não pode ser aquela de 500 anos atrás. Vieram para cá asiáticos, europeus, africanos, e todo mundo quer ser brasileiro. A pergunta que nós fazemos é: qual é o pedaço de índio que vocês têm? O seu cabelo? São seus olhos? Ou é o nome da sua rua? O nome da sua praça? Enfim, vocês devem ter um pedaço de índio dentro de vocês. Nós não queremos tomar o Brasil de vocês, nós queremos compartilhar esse Brasil com vocês”. \n\nNa situação de comunicação da qual o texto foi retirado, a norma padrão da língua portuguesa é empregada com a finalidade de:\n', 'DIFICIL', 1, 0xaced0005737200136a6176612e7574696c2e41727261794c6973747881d21d99c7619d03000149000473697a6578700000000077040000000078, 180, 15),
(58, '“Cara, se, tipo assim, o seu filho escrever como fala, ele tá ferrado”. \n\nO comentário acima aborda a questão das atividades linguísticas e sua relação com as modalidades oral e escrita da língua. Esse comentário deixa evidente uma posição crítica quanto a usos que se fazem da linguagem, enfatizando ser necessário:\n', 'DIFICIL', 1, 0xaced0005737200136a6176612e7574696c2e41727261794c6973747881d21d99c7619d03000149000473697a6578700000000077040000000078, 180, 15),
(59, '“Por que pronunciamos muitas palavras de um jeito diferente da escrita? Pode-se refletir sobre esse aspecto da língua com base em duas perspectivas. Na primeira delas, fala e escrita são dicotômicas, o que restringe o ensino da língua ao código. Daí vem o entendimento de que a escrita é mais complexa que a fala, e seu ensino restringe-se ao conhecimento das regras gramaticais, sem a preocupação com situações de uso. A outra permite encarar as diferenças como um produto distinto de duas modalidades: a oral e a escrita” (REVISTA NOVA ESCOLA).\n\nEntre as características próprias do tipo de texto acima, identificam-se marcas linguísticas próprias do uso:\n', 'DIFICIL', 1, 0xaced0005737200136a6176612e7574696c2e41727261794c6973747881d21d99c7619d03000149000473697a6578700000000077040000000078, 180, 15),
(60, '“Quando os portugueses se instalaram no Brasil, o país era povoado de índios. Importaram, depois, da África, grande número de escravos. O Português, o Índio e o Negro constituem, durante o período colonial, as três bases da população brasileira. Mas no que se refere à cultura, a contribuição do Português foi de longe a mais notada. Durante muito tempo o português e o tupi viveram lado a lado. Em 1694, dizia o Padre Vieira que as famílias dos portugueses e índios estavam tão ligadas que a língua que se falava nas casas era a dos Índios, e a portuguesa os meninos aprendiam na escola”.\n\nO texto mostra que o patrimônio linguístico brasileiro é resultado da:\n', 'DIFICIL', 1, 0xaced0005737200136a6176612e7574696c2e41727261794c6973747881d21d99c7619d03000149000473697a6578700000000077040000000078, 180, 15),
(61, '“O grande conceito por trás do Museu da Língua é apresentar o idioma como algo vivo e fundamental para o entendimento do que é ser brasileiro. Se nada nos define com clareza, a forma como falamos o português nas mais diversas situações cotidianas é talvez a melhor expressão da brasilidade”. \n\nO texto propõe uma reflexão acerca da língua portuguesa, ressaltando para o leitor a:\n', 'DIFICIL', 1, 0xaced0005737200136a6176612e7574696c2e41727261794c6973747881d21d99c7619d03000149000473697a6578700000000077040000000078, 180, 15),
(62, 'MANDIOCA: mais um presente da Amazônia\nAipim, castelinha, macaxeira, maniva. As designações de Manihot utilissima podem variar de região, mas uma delas deve ser levada em conta em todo o território nacional: pão-de-pobre - e por motivos óbvios. Rica em fécula, a mandioca, uma planta rústica e nativa da Amazônia disseminada no mundo inteiro, especialmente pelos colonizadores portugueses, é a base de sustento de muitos brasileiros e o único alimento disponível para mais de 600 milhões de pessoas em vários pontos do planeta, e em particular em algumas regiões da África. \n\nDe acordo com o texto, há no Brasil uma variedade de nomes para a Manihot utilissima. Esse fenômeno revela que:\n', 'DIFICIL', 1, 0xaced0005737200136a6176612e7574696c2e41727261794c6973747881d21d99c7619d03000149000473697a6578700000000077040000000078, 180, 15),
(63, '“eu gostava muito de passeá... saí com as minhas \ncolegas... brincá na porta di casa di vôlei... andá de \npatins... bicicleta... quando eu levava um tombo ou \noutro... eu era a::... a palhaça da turma... ((risos))... eu \nacho que foi uma das fases mais... assim... gostosas da \nminha vida foi... essa fase de quinze... dos meus treze \naos dezessete anos...”\n\nA.P.S., sexo feminino, 38 anos, nível de ensino fundamental. \nProjeto Fala Goiana, UFG, 2010 (inédito).\n\nUm aspecto da composição estrutural que caracteriza o relato pessoal de A.P.S. como modalidade falada da língua é:\n', 'DIFICIL', 1, 0xaced0005737200136a6176612e7574696c2e41727261794c6973747881d21d99c7619d03000149000473697a6578700000000077040000000078, 180, 15),
(64, 'Na prática viva da língua, mais importante que o critério de correção linguística, é o uso. Nesse sentido, o conceito de “erro” que fundamentava a gramática tradicional é modificado quando emergem os estudos de variação linguística. Erro passa a significar apenas palavras, expressões ou estruturas que não são usadas por uma dada comunidade. Erro, então, entre as alternativas abaixo seria apenas o seguinte enunciado:', 'DIFICIL', 1, 0xaced0005737200136a6176612e7574696c2e41727261794c6973747881d21d99c7619d03000149000473697a6578700000000077040000000078, 180, 15),
(65, '“Cada palavra se apresenta como uma arena em miniatura onde se entrecruzam e lutam os valores sociais de orientação contraditória” – Mikhail Bakhtin\n\nExemplifica a conceituação de Bakhtin acerca da palavra os seguintes usos:\n', 'DIFICIL', 1, 0xaced0005737200136a6176612e7574696c2e41727261794c6973747881d21d99c7619d03000149000473697a6578700000000077040000000078, 180, 15),
(66, 'Dentro do português falado no Brasil, existem muitas variações: de sotaque, ritmo da fala, vocabulário, etc. Algumas delas são criadas artificialmente, e mantidas interessantemente como parte de um nicho cultural específico. Um bom exemplo é a guilagem camaco, criada entre operários do século XIX na cidade de Itabira, e até hoje conhecida pela maior parte de sua população. \nVeja como exemplo o seguinte enunciado em guilagem camaco:\n\nBase lafar guilagem camaco? Ssaim moqueça mua vonquersa. Galuém pesrronde: Isn, lafo medais. Base cresever guilagem camaco? Ônis, cuna cresevi ssio aiq.\n\nDentre os enunciados abaixo, em língua portuguesa, qual deles está presente no texto em guilagem camaco?\n', 'DIFICIL', 1, 0xaced0005737200136a6176612e7574696c2e41727261794c6973747881d21d99c7619d03000149000473697a6578700000000077040000000078, 180, 15),
(67, 'Observe a seguinte definição gramatical: “Adjetivo é toda palavra que se refere a um substantivo indicando-lhe um atributo”. Por exemplo: Dia feliz; amado amigo; querido diário, etc. Com base nessa definição, a única alternativa que apresenta apenas adjetivos presentes nos enunciados abaixo é:\n\nI-	“Que cabriocárica menina!”, exclamei para Xonisvalkiria. \nII-	Quem imaginaria que naquele tirano lídel de aparência estrogonófica escondia-se um coração mediováigel de sentimentos aericoptelizados?\n', 'DIFICIL', 1, 0xaced0005737200136a6176612e7574696c2e41727261794c6973747881d21d99c7619d03000149000473697a6578700000000077040000000078, 180, 15),
(68, 'Antônimos são palavras que indicam algum tipo de oposição. Podemos dividi-los em duas grandes classes: o Tipo 1, aqueles que são como os pares casado/solteiro, original/falsificado, e o Tipo 2, os que são como quente/frio, longo/curto, calmo/agitado. Entretanto, muitos pares de antônimos (possivelmente a maioria deles) podem funcionar como Tipo 1 ou como Tipo 2, dependendo de como forem usados no discurso. Nas frases a seguir, usamos o par esperto/trouxa. Identifique os casos abaixo como tipo 1 ou 2 e dê a sequência correta:\n\n[  ] Arnaldo não é muito esperto, mas trouxa também não é. \n[  ] O mundo é dos espertos.\n[  ] Há apenas três alunos espertos nesta classe. Você não é um deles. \n', 'DIFICIL', 1, 0xaced0005737200136a6176612e7574696c2e41727261794c6973747881d21d99c7619d03000149000473697a6578700000000077040000000078, 180, 15),
(69, 'Óia eu  aqui de  novo xaxando\nÓia eu aqui de novo pra xaxar\nVou mostrar pr’esses cabras\nQue eu ainda dou no couro\nIsso é um desaforo\nQue eu não posso levar\nQue eu aqui de novo cantando\nQue eu aqui de novo xaxando\nÓia eu aqui de novo mostrando\nComo se deve xaxar.\nVem cá morena linda\nVestida de chita\nVocê é a mais bonita\nDesse meu lugar\nVai, chama Maria, chama Luzia\nVai, chama Zabé, chama Raque\nDiz que tou aqui com alegria.\n\nA letra da canção de Antônio Barros manifesta aspectos do repertório linguístico e cultural do Brasil. O verso que singulariza uma forma do falar popular regional é:\n', 'DIFICIL', 1, 0xaced0005737200136a6176612e7574696c2e41727261794c6973747881d21d99c7619d03000149000473697a6578700000000077040000000078, 180, 15),
(70, 'As palavras costumam adquirir novas funções ao longo do tempo e conforme o uso. Muitas vezes, palavras que normalmente expressam um significado pleno assumem um sentido estendido ou outras funções na oração. Esse processo, chamado por alguns autores de gramaticalização, é extremamente ativo nas línguas. Em qual/quais das citações abaixo o verbo “PEGAR” desempenha um papel mais próximo de seu sentido e função originais?\"\n\nI-	Era um trote. Daí ele me disse em seguida, rindo: “Te peguei, né?”\nII-	Aí eu peguei e falei assim: “vem cá! Quem você pensa que é?”\nIII-	Sumam todos. Não me peguem pelo braço! Não me macem pelo amor de deus. Já disse que sou sozinho.\n', 'DIFICIL', 1, 0xaced0005737200136a6176612e7574696c2e41727261794c6973747881d21d99c7619d03000149000473697a6578700000000077040000000078, 180, 15),
(71, '“Só há uma saída para a escola se ela quiser ser mais bem-sucedida: aceitar a mudança da língua como um fato. Isso deve significar que a escola deve aceitar qualquer forma de língua em suas atividades escritas? Não! Há outra coisa a ser considerada: de fato, no mundo real da escrita, não existe apenas um português correto, que valeria para todas as ocasiões: o estilo dos contratos não é o mesmo dos manuais de instrução; o dos editoriais dos jornais não é o mesmo dos cadernos de cultura dos mesmos jornais. Ou do de seus colunistas”.\n\nNo texto, é defendida a tese de que não existe um único português correto. Assim sendo, o domínio da língua portuguesa implica, entre outras coisas, saber:\n', 'DIFICIL', 1, 0xaced0005737200136a6176612e7574696c2e41727261794c6973747881d21d99c7619d03000149000473697a6578700000000077040000000078, 180, 15),
(72, 'Leitores fazem sugestões para o Museu das Invenções Cariocas\n“Falar ‘caraca!’ a cada surpresa ou acontecimento que vemos, bons ou ruins, é invenção do carioca.” Cariocas inventam um vocabulário próprio: Dizer ‘merrmão’ e ‘é mermo’ para um amigo pode até doer um pouco no ouvido, mas é tipicamente carioca. Pedir um ‘choro’ ao garçom é invenção carioca. Chamar um quase desconhecido de ‘querido’ é um carinho inventado pelo carioca para tratar bem quem ainda não se conhece direito.”\nEntre as sugestões apresentadas para o Museu das Invenções Cariocas, destaca-se o variado repertório linguístico dos falantes cariocas nas diferentes situações de uso social. A respeito desse repertório, atesta-se o/a', 'DIFICIL', 1, 0xaced0005737200136a6176612e7574696c2e41727261794c6973747881d21d99c7619d03000149000473697a6578700000000077040000000078, 180, 15),
(73, 'O Google Art é uma ferramenta que permite a visitação virtual dos mais importantes museus do mundo e a visualização de suas obras. Por meio da tecnologia Street View e de um veículo exclusivamente pensado para o projeto, fotografou-se em 360 graus o interior de lugares como o MoMA, o Museu Van Gogh e a National Gallery. Além disso, cada museu escolheu uma obra de arte de seu acervo para ser fotografada com câmeras de altíssima resolução, mil vezes mais detalhada do que uma foto de câmera digital comum. Além disso, todas as obras vêm acompanhadas de metadados de proveniência. \n\nAs tecnologias da computação possibilitam um novo olhar sobre as obras de arte. A prática permite que usuários:\n', 'DIFICIL', 1, 0xaced0005737200136a6176612e7574696c2e41727261794c6973747881d21d99c7619d03000149000473697a6578700000000077040000000078, 180, 15),
(74, 'As palavras costumam adquirir novas funções ao longo do tempo e conforme o uso. Muitas vezes, palavras que normalmente expressam um significado pleno assumem um sentido estendido ou outras funções na oração. Esse processo, chamado por alguns autores de gramaticalização, é extremamente ativo nas línguas. Em qual das citações abaixo o verbo “chegar” desempenha um papel mais próximo de seu sentido e função originais?', 'DIFICIL', 1, 0xaced0005737200136a6176612e7574696c2e41727261794c6973747881d21d99c7619d03000149000473697a6578700000000077040000000078, 180, 15),
(75, 'A homofonia (igualdade de fonemas) entre duas palavras diferentes é um fenômeno comum em todas as línguas do mundo, podendo ser usada intencionalmente para provocar efeitos poéticos ou humorísticos. Na frase \"O Brasil é feito por nós, basta saber desatá-los\", do Barão de Itararé, o efeito de humor acontece porque uma palavra pode ser interpretada como: ', 'DIFICIL', 1, 0xaced0005737200136a6176612e7574696c2e41727261794c6973747881d21d99c7619d03000149000473697a6578700000000077040000000078, 180, 15),
(76, 'A língua rapa nui, que hoje possui apenas cerca de 3.000 falantes nativos, exibe diversos fenômenos interessantes, entre eles a forma de marcar posse. Veja alguns exemplos: \n\nt?\'aku hau = minha corda\nt?\'ona mata = olho dele/dela\nvak \'a Taka = canoa de Taka\n\'i?oa o Puakiva = nome de Puakiva\nt?\'oku v?rua = meu espírito\nkete \'a Kava = cesta de Kava\nt?\'aku k?mara = minha batata doce\nt?\'ona m?ramarama = sabedoria dele/dela\nk?koma o Tiare = intestino de Tiare\n\nComo se diz, em rapa nui, \"corpo dele/dela\", \"cheiro de Orohe\", \"meu amigo\"?\n', 'DIFICIL', 1, 0xaced0005737200136a6176612e7574696c2e41727261794c6973747881d21d99c7619d03000149000473697a6578700000000077040000000078, 180, 15),
(77, 'A metáfora, diferente do que muitos pensam, não é exclusiva de gêneros literários. Ela está presente no nosso cotidiano, às vezes de forma imperceptível. Um dos exemplos são as metáforas que chamamos posicionais. Por exemplo, as definições de céu e inferno são metáforas posicionais, que demonstra nossa associação de coisas positivas a algo que está em cima e coisas negativas a algo que está embaixo. Dentre as alternativas abaixo, todas são metáforas posicionais, EXCETO:', 'DIFICIL', 1, 0xaced0005737200136a6176612e7574696c2e41727261794c6973747881d21d99c7619d03000149000473697a6578700000000077040000000078, 180, 15),
(78, '“- Mamãe, tô tum fome. Mamãe, dá tumê!”\n\nO enunciado acima traz um diálogo entre duas personagens do romance O Quinze, da escritora nordestina Rachel de Queiroz.  A frase dita pelo garoto Duquinha à mãe, é exemplo de uma variedade: \n', 'MEDIO', 1, 0xaced0005737200136a6176612e7574696c2e41727261794c6973747881d21d99c7619d03000149000473697a6578700000000077040000000078, 90, 15),
(79, '“Narração, fofoca, bilhete, argumentação” são respectivamente:', 'MEDIO', 1, 0xaced0005737200136a6176612e7574696c2e41727261794c6973747881d21d99c7619d03000149000473697a6578700000000077040000000078, 90, 15),
(80, 'São exemplos de gêneros textuais predominantemente expositivos, COM EXCEÇÃO DE:', 'MEDIO', 1, 0xaced0005737200136a6176612e7574696c2e41727261794c6973747881d21d99c7619d03000149000473697a6578700000000077040000000078, 90, 15),
(81, 'São exemplos de gêneros textuais predominantemente narrativos, COM EXCEÇÃO DE:', 'MEDIO', 1, 0xaced0005737200136a6176612e7574696c2e41727261794c6973747881d21d99c7619d03000149000473697a6578700000000077040000000078, 90, 15),
(82, 'São exemplos de gêneros textuais predominantemente injuntivos:', 'MEDIO', 1, 0xaced0005737200136a6176612e7574696c2e41727261794c6973747881d21d99c7619d03000149000473697a6578700000000077040000000078, 90, 15),
(83, 'São exemplos de gêneros textuais predominantemente argumentativos:', 'MEDIO', 1, 0xaced0005737200136a6176612e7574696c2e41727261794c6973747881d21d99c7619d03000149000473697a6578700000000077040000000078, 90, 15),
(84, 'São exemplos de gêneros textuais predominantemente descritivos, COM EXCEÇÃO DE:', 'MEDIO', 1, 0xaced0005737200136a6176612e7574696c2e41727261794c6973747881d21d99c7619d03000149000473697a6578700000000077040000000078, 90, 15),
(85, 'Suportes convencionais são aqueles criados com a finalidade de portarem textos. Assinale a opção que apresenta apenas suportes convencionais:', 'MEDIO', 1, 0xaced0005737200136a6176612e7574696c2e41727261794c6973747881d21d99c7619d03000149000473697a6578700000000077040000000078, 90, 15),
(86, 'Suportes incidentais são aqueles que por alguma situação específica trazem um texto, mas não são destinados a esse fim. Entre eles, podemos destacar:', 'MEDIO', 1, 0xaced0005737200136a6176612e7574696c2e41727261794c6973747881d21d99c7619d03000149000473697a6578700000000077040000000078, 90, 15),
(87, 'Uma das principais vantagens trazidas pelo trabalho com gêneros textuais em detrimento dos tipos textuais é:', 'MEDIO', 1, 0xaced0005737200136a6176612e7574696c2e41727261794c6973747881d21d99c7619d03000149000473697a6578700000000077040000000078, 90, 15),
(88, 'Nas referências bibliográficas de livros com um autor, SÓ NÃO É necessário conter:', 'FACIL', 1, 0xaced0005737200136a6176612e7574696c2e41727261794c6973747881d21d99c7619d03000149000473697a6578700000000077040000000078, 60, 16),
(89, 'Nas referências bibliográficas de livros com dois autores, o nome de cada um deles deve ser separado por:', 'FACIL', 1, 0xaced0005737200136a6176612e7574696c2e41727261794c6973747881d21d99c7619d03000149000473697a6578700000000077040000000078, 60, 16),
(90, 'Sobre as referências bibliográficas de livros com três autores, é CORRETO afirmar que:', 'FACIL', 1, 0xaced0005737200136a6176612e7574696c2e41727261794c6973747881d21d99c7619d03000149000473697a6578700000000077040000000078, 60, 16),
(91, 'Sobre as referências bibliográficas de capítulo de livro, é INCORRETO afirmar que:', 'FACIL', 1, 0xaced0005737200136a6176612e7574696c2e41727261794c6973747881d21d99c7619d03000149000473697a6578700000000077040000000078, 60, 16),
(92, 'Sobre as referências bibliográficas de artigo de periódico, é INCORRETO afirmar que:', 'FACIL', 1, 0xaced0005737200136a6176612e7574696c2e41727261794c6973747881d21d99c7619d03000149000473697a6578700000000077040000000078, 60, 16),
(93, 'Artigos disponibilizados na internet devem conter:', 'FACIL', 1, 0xaced0005737200136a6176612e7574696c2e41727261794c6973747881d21d99c7619d03000149000473697a6578700000000077040000000078, 60, 16),
(94, 'Em artigos publicados em anais de eventos, o que vem em destaque (caixa alta) é o: ', 'FACIL', 1, 0xaced0005737200136a6176612e7574696c2e41727261794c6973747881d21d99c7619d03000149000473697a6578700000000077040000000078, 60, 16),
(95, 'Qual das referências bibliográficas abaixo está CORRETA? ', 'FACIL', 1, 0xaced0005737200136a6176612e7574696c2e41727261794c6973747881d21d99c7619d03000149000473697a6578700000000077040000000078, 60, 16),
(96, 'Qual das referências bibliográficas abaixo está INCORRETA? ', 'FACIL', 1, 0xaced0005737200136a6176612e7574696c2e41727261794c6973747881d21d99c7619d03000149000473697a6578700000000077040000000078, 60, 16),
(97, 'Sobre as referências bibliográficas, é CORRETO AFIRMAR QUE: ', 'FACIL', 1, 0xaced0005737200136a6176612e7574696c2e41727261794c6973747881d21d99c7619d03000149000473697a6578700000000077040000000078, 60, 16),
(98, 'Se o trecho citado em um livro encontra-se na orelha do mesmo, o que devo fazer? ', 'FACIL', 1, 0xaced0005737200136a6176612e7574696c2e41727261794c6973747881d21d99c7619d03000149000473697a6578700000000077040000000078, 60, 16),
(99, 'Quando eu quero transcrever, com as mesmas palavras, o texto de um outro autor em meu próprio texto, a ABNT recomenda a presença das seguintes informações:', 'FACIL', 1, 0xaced0005737200136a6176612e7574696c2e41727261794c6973747881d21d99c7619d03000149000473697a6578700000000077040000000078, 60, 16),
(100, 'De acordo com a ABNT, as citações diretas com mais de três linhas devem:', 'FACIL', 1, 0xaced0005737200136a6176612e7574696c2e41727261794c6973747881d21d99c7619d03000149000473697a6578700000000077040000000078, 60, 16),
(101, 'De acordo com a ABNT, as citações indiretas devem:', 'FACIL', 1, 0xaced0005737200136a6176612e7574696c2e41727261794c6973747881d21d99c7619d03000149000473697a6578700000000077040000000078, 60, 16),
(102, 'Gostaria tão somente de evidenciar a recorrência de uma tendência – não menos cartesiana, não menos positivista – que, na nossa “alergia contra as formas consideradas atributos meramente acidentais” (ADORNO, 2003, p. 19), continua a separar, de um lado, objetividade, mente, ciência, razão e, de outro, subjetividade, corpo, ficção, emoção.\n\nA citação acima é do tipo:\n', 'FACIL', 1, 0xaced0005737200136a6176612e7574696c2e41727261794c6973747881d21d99c7619d03000149000473697a6578700000000077040000000078, 60, 16),
(103, 'Dessa forma, o trabalho de pesquisa e investigação do passado levado a efeito pela historiografia atual, opõe-se, ao admitir a inventividade de seu discurso, à reconstrução objetiva da realidade passada, pois pressupõe o lirismo, a fantasia, a criatividade e a imaginação, caracteres essenciais do fazer artístico (DUBY; LARDREAU, 1989).\n\nA citação acima está:\n', 'FACIL', 1, 0xaced0005737200136a6176612e7574696c2e41727261794c6973747881d21d99c7619d03000149000473697a6578700000000077040000000078, 60, 16),
(104, 'Sobre a ACD (Análise Crítica do Discurso), é INCORRETO dizer que:', 'FACIL', 1, 0xaced0005737200136a6176612e7574696c2e41727261794c6973747881d21d99c7619d03000149000473697a6578700000000077040000000078, 60, 16),
(105, 'Todas as alternativas abaixo trazem categorias relevantes de análise da ACD (Análise Crítica do Discurso), EXCETO:', 'FACIL', 1, 0xaced0005737200136a6176612e7574696c2e41727261794c6973747881d21d99c7619d03000149000473697a6578700000000077040000000078, 60, 16),
(106, 'A pressuposição, enquanto categoria da Análise Crítica do Discurso, SÓ NÃO está presente no seguinte enunciado:', 'FACIL', 1, 0xaced0005737200136a6176612e7574696c2e41727261794c6973747881d21d99c7619d03000149000473697a6578700000000077040000000078, 60, 16),
(107, 'Todos os itens abaixo são fatores da textualidade, EXCETO:', 'FACIL', 1, 0xaced0005737200136a6176612e7574696c2e41727261794c6973747881d21d99c7619d03000149000473697a6578700000000077040000000078, 60, 16),
(108, 'Chamamos o entrelaçamento linguístico (de palavras, expressões, frases, etc) no interior de um texto, coesão textual. Portanto, uma das classes de palavras mais expressivas no que diz respeito à coesão é:', 'FACIL', 1, 0xaced0005737200136a6176612e7574696c2e41727261794c6973747881d21d99c7619d03000149000473697a6578700000000077040000000078, 60, 16),
(109, 'COESÃO POR REFERÊNCIA: As palavras responsáveis por esse tipo de coesão não podem ser interpretadas semanticamente por si mesmas, mas remetem a outros itens do discurso necessários à sua interpretação.\n\nSão exemplos de coesão por referência, EXCETO:\n', 'FACIL', 1, 0xaced0005737200136a6176612e7574696c2e41727261794c6973747881d21d99c7619d03000149000473697a6578700000000077040000000078, 60, 16),
(110, 'Na frase abaixo, o nexo é facilmente recobrável. Indique o mecanismo coesivo explícito na superfície textual: \n\n“A máquina parou. Está faltando energia elétrica”.\n', 'FACIL', 1, 0xaced0005737200136a6176612e7574696c2e41727261794c6973747881d21d99c7619d03000149000473697a6578700000000077040000000078, 60, 16),
(111, 'Receita\nTome-se um poeta não cansado,\nUma nuvem de sonho e uma flor,\nTrês gotas de tristeza, um tom dourado,\nUma veia sangrando de pavor.\nQuando a massa já ferve e se retorce\nDeita-se a luz dum corpo de mulher,\nDuma pitada de morte se reforce,\nQue um amor de poeta assim requer.\nSARAMAGO, J. Os poemas possíveis. Alfragide: Caminho, 1997.\n\nOs gêneros textuais caracterizam-se por serem relativamente estáveis e podem reconfigurar-se em função do propósito comunicativo. Esse texto constitui uma mescla de gêneros, pois:\n', 'DIFICIL', 1, 0xaced0005737200136a6176612e7574696c2e41727261794c6973747881d21d99c7619d03000149000473697a6578700000000077040000000078, 180, 17),
(112, 'Fraudador é preso por emitir atestados com erro de português\nMais um erro de português leva um criminoso às mãos da policia. Desde 2003, M.O.P., administrava a empresa MM, que falsificava boletins de ocorrência, carteiras profissionais e atestados de óbito, tudo para anular multas de trânsito. O esquema funcionou até setembro, quando M.O.P. foi indiciado. Atropelara a gramática. Havia emitido, por exemplo, um atestado de abril do ano passado em que estava escrito aneurisma “celebral” e “insulficiência” múltipla de órgãos.\n\nTendo em vista o assunto, a organização, bem como os recursos linguísticos, depreende-se que esse texto é um(a):\n', 'DIFICIL', 1, 0xaced0005737200136a6176612e7574696c2e41727261794c6973747881d21d99c7619d03000149000473697a6578700000000077040000000078, 180, 17),
(113, 'Descubra e aproveite um momento todo seu. Quando você quebra o delicado chocolate, o irresistível recheio cremoso começa a derreter na sua boca, acariciando todos os seus sentidos. Criado por nossa empresa. Paixão e amor por chocolate desde 1845.\nVeja, n. 2.320, 8 maio 2013 (adaptado).\n\nO texto publicitário tem a intenção de persuadir o público-alvo a consumir determinado produto ou serviço. No anúncio, essa intenção assume a forma de um convite, estratégia argumentativa linguisticamente marcada pelo uso de:\n', 'DIFICIL', 1, 0xaced0005737200136a6176612e7574696c2e41727261794c6973747881d21d99c7619d03000149000473697a6578700000000077040000000078, 180, 17),
(114, '“AVISO: Você está sendo filmado. As imagens são confidenciais e protegidas nos termos da lei”. \n\nA presença desse aviso em um hotel, além de informar sobre um fato e evitar possíveis atos indesejados no local, tem como objetivo implícito\n', 'DIFICIL', 1, 0xaced0005737200136a6176612e7574696c2e41727261794c6973747881d21d99c7619d03000149000473697a6578700000000077040000000078, 180, 17),
(115, 'Receitas de vida por um mundo mais doce\nPé de moleque\nIngredientes\n2 filhos que não param quietos\n3 sobrinhos da mesma espécie\n1 cachorro que adora uma farra\n1 fim de semana ao ar livre\nPreparo\nJunte tudo com os ingredientes do Açúcar Naturale, mexa bem e deixe descansar. Não as crianças, que não vai adiantar. Sirva imediatamente, porque pé de moleque não para. Quer essa e outras receitas completas? Entre no site cianaturale.com.br.\n\nO texto é resultante do hibridismo de dois gêneros textuais. A respeito desse hibridismo, observa-se que a:\n', 'DIFICIL', 1, 0xaced0005737200136a6176612e7574696c2e41727261794c6973747881d21d99c7619d03000149000473697a6578700000000077040000000078, 180, 17),
(116, 'BENONA: Eurico, Eudoro Vicente está lá fora e quer falar com você.\nEURICÃO: Benona, minha irmã, eu sei que ele está lá fora, mas não quero falar com ele.\nBENONA: Mas Eurico, nós lhe devemos certas atenções.\nEURICÃO: Você, que foi noiva dele. Eu, não!\nBENONA: Isso são coisas passadas.\nEURICÃO: Passadas para você, mas o prejuízo foi meu. Esperava que Eudoro, com todo aquele dinheiro, se tornasse meu cunhado. E o peste me traiu. Agora, parece que ouviu dizer que eu tenho um tesouro. Vive farejando ouro, como um cachorro da molest’a, como um urubu, atrás do sangue dos outros. \n\nNesse texto teatral, o emprego das expressões “o peste” e “cachorro da molest’a” contribui para:\n', 'DIFICIL', 1, 0xaced0005737200136a6176612e7574696c2e41727261794c6973747881d21d99c7619d03000149000473697a6578700000000077040000000078, 180, 17),
(117, 'Texto I\nProfessora: Olha se você parte do princípio… que a língua portuguesa não é só regras gramaticais… não se você se apaixona pela língua que você… já domina… que você já fala ao chegar na escola, se teu professor cativa você a  ler obras da  literatura… obra da/ dos  meios de comunicação… Não. \nTexto II\nProfessora: Não, se você parte do princípio que língua portuguesa não é só regras gramaticais. Se o professor motivá-lo a ler obras literárias e se tem acesso a revistas, a livros didáticos, você se apaixona pela língua. \nO texto I é a transcrição de entrevista dada por uma professora a uma rádio. O texto II é a adaptação dessa entrevista para a modalidade escrita. Em comum, esses textos', 'DIFICIL', 1, 0xaced0005737200136a6176612e7574696c2e41727261794c6973747881d21d99c7619d03000149000473697a6578700000000077040000000078, 180, 17),
(118, 'Mandinga — Era a denominação que, no período das grandes navegações, os portugueses davam à costa ocidental da África. A palavra se tornou sinônimo de feitiçaria porque os exploradores lusitanos consideravam bruxos os africanos que ali habitavam – é que eles davam indicações sobre a existência de ouro na região. Em idioma nativo, mandinga designava terra de feiticeiros. A palavra acabou virando sinônimo de feitiço, sortilégio.\n \nNo texto, evidencia-se que a construção do significado da palavra mandinga resulta de um(a):\n', 'DIFICIL', 1, 0xaced0005737200136a6176612e7574696c2e41727261794c6973747881d21d99c7619d03000149000473697a6578700000000077040000000078, 180, 17),
(119, 'De domingo\n– Outrossim…\n– O quê?\n– O que o quê?\n– O que você disse.\n– Outrossim?\n– É.\n– O que é que tem?\n– Nada. Só achei engraçado.\n– Não vejo a graça.\n– Você vai concordar que não é uma palavra de todos os dias.\n– Ah, não é. Aliás, eu só uso domingo.\n– Se bem que parece mais uma palavra de segunda-feira.\n– Não. Palavra de segunda-feira é “óbice”.\n– “Ônus”.\n– “Ônus” também.\n– Mas “outrossim”, francamente…\n– Qual o problema?\n– Retira o “outrossim”.\n– Não retiro. É uma ótima palavra. Aliás é uma palavra difícil de usar. Não é qualquer um que usa “outrossim”.\n\nNo texto, há uma discussão sobre o uso de algumas palavras da língua portuguesa. Esse uso promove o(a):\n', 'DIFICIL', 1, 0xaced0005737200136a6176612e7574696c2e41727261794c6973747881d21d99c7619d03000149000473697a6578700000000077040000000078, 180, 17),
(120, 'O nome do inseto pirilampo (vaga-lume) tem uma interessante certidão de nascimento. De repente, no fim do século XVII, os poetas de Lisboa repararam que não podiam cantar o inseto luminoso, apesar de ele ser um manancial de metáforas, pois possuía um nome \"indecoroso\" que não podia ser \"usado em papéis sérios\": caga-lume. Foi então que o dicionarista Raphael Bluteau inventou a nova palavra, pirilampo, a partir do grego pyr, significando \"fogo\", e lampas, \"candeia\".\n\nO texto descreve a mudança ocorrida na nomeação do inseto, por questões de tabu linguístico. Esse tabu diz respeito à:\n', 'DIFICIL', 1, 0xaced0005737200136a6176612e7574696c2e41727261794c6973747881d21d99c7619d03000149000473697a6578700000000077040000000078, 180, 17),
(121, 'ESCORPIÃO - 23/10 a 21/11 - \"Quando uma leve sensação de vazio invade a nossa alma, precisamos tentar de onde vem isso para, assim, reformular o significado desta falta. É tempo de compreender os nossos fantasmas para que eles deixem de nos assombrar.\" As expressões \"nossa\", \"precisamos\", \"nossos\" indicam a 1ª pessoa do plural. Qual a intenção do astrólogo ao utilizar esta flexão? ', 'DIFICIL', 1, 0xaced0005737200136a6176612e7574696c2e41727261794c6973747881d21d99c7619d03000149000473697a6578700000000077040000000078, 180, 17),
(122, 'Assinale a afirmativa ERRADA:', 'FACIL', 1, 0xaced0005737200136a6176612e7574696c2e41727261794c6973747881d21d99c7619d03000149000473697a6578700000000077040000000078, 60, 17),
(123, '\"Ocorreu um pequeno incêndio na noite de ontem, em um apartamento de propriedade do Sr.Marcos da Fonseca. No local habitavam o proprietário, sua esposa e seus dois filhos. O fogo despontou em um dos quartos que, por sorte, ficava na frente do prédio.\"\n\nConsiderando a leitura do trecho citado, em que tipo de texto ele se enquadra?  \n', 'FACIL', 1, 0xaced0005737200136a6176612e7574696c2e41727261794c6973747881d21d99c7619d03000149000473697a6578700000000077040000000078, 60, 17),
(124, 'Algumas vezes nos deparamos com um texto que nos provoca a sensação de estarmos diante de algo conhecido. Como se chama a relação que se estabelece entre diferentes textos quando um deles faz referência, direta ou indiretamente, a outro?', 'FACIL', 1, 0xaced0005737200136a6176612e7574696c2e41727261794c6973747881d21d99c7619d03000149000473697a6578700000000077040000000078, 60, 17),
(125, 'Uma das características da linguagem, utilizada em textos científicos, é a impessoalidade. Esta confere maior credibilidade ao texto, sem a subjetividade de textos pessoais. Um exemplo dessa característica está expresso em:', 'FACIL', 1, 0xaced0005737200136a6176612e7574696c2e41727261794c6973747881d21d99c7619d03000149000473697a6578700000000077040000000078, 60, 17),
(126, 'A definição para Impessoalização do texto: \n1. É a omissão dos agentes que aparecem no texto e tem o objetivo de deixar o texto mais leve. \n2. Em textos científicos e argumentativos, como a crítica, o editorial, a dissertação, procura-se sempre escrever sem impessoalidade. Então, podemos afirmar que: \n3. O texto com marcas de pessoalidade tende a ser considerado subjetivo.', 'FACIL', 1, 0xaced0005737200136a6176612e7574696c2e41727261794c6973747881d21d99c7619d03000149000473697a6578700000000077040000000078, 60, 17),
(127, 'A ABNT - Associação Brasileira de Normas Técnicas é o fórum nacional de normatização. Ela fixa as condições pelas quais devem ser referenciados que tipo de documento(s)?   ', 'FACIL', 1, 0xaced0005737200136a6176612e7574696c2e41727261794c6973747881d21d99c7619d03000149000473697a6578700000000077040000000078, 60, 16),
(128, 'O uso das normas técnicas da ABNT - Associação Brasileira de Normas Técnicas - faz com que :\nI - a consulta a fontes seja impessoal \nII - a circulação de dados de diversas fontes seja facilitada; \nIII  - a publicação de livros seja duplicada; \nIV - os direitos autorais sejam protegidos. \n\nDentre estes pode-se afirmar que estão corretos os itens:   ', 'FACIL', 1, 0xaced0005737200136a6176612e7574696c2e41727261794c6973747881d21d99c7619d03000149000473697a6578700000000077040000000078, 60, 16),
(129, 'A Associação Brasileira de Normas Técnicas - ABNT - atualiza constantemente as normas técnicas a serem seguidas em diferentes áreas. Um dos seus objetivos é o seguinte:   ', 'FACIL', 1, 0xaced0005737200136a6176612e7574696c2e41727261794c6973747881d21d99c7619d03000149000473697a6578700000000077040000000078, 60, 16),
(130, 'O acervo do Museu da Língua Portuguesa é o nosso idioma, um “patrimônio imaterial” que não pode ser, por isso, guardado e exposto em uma redoma de vidro. Assim, o museu, dedicado à valorização e difusão da língua portuguesa, reconhecidamente importante para a preservação de nossa identidade cultural, apresenta uma forma expositiva diferenciada das demais instituições museológicas do país e do mundo, usando tecnologia de ponta e recursos interativos para a apresentação de seus conteúdos.\n\nDe acordo com o texto, embora a língua portuguesa seja um “patrimônio imaterial”, pode ser exposta em um museu. A relevância desse tipo de iniciativa está pautada no pressuposto de que:\n', 'DIFICIL', 1, 0xaced0005737200136a6176612e7574696c2e41727261794c6973747881d21d99c7619d03000149000473697a6578700000000077040000000078, 180, 17);
INSERT INTO `pergunta` (`ID`, `DESCRICAO`, `DIFICULDADE`, `HABILITAR`, `TAGS`, `TEMPO`, `DISCIPLINA_ID`) VALUES
(131, 'Nuances\nEuforia: alegria barulhenta. Felicidade: alegria silenciosa.\nGravar: quando o ator é de televisão. Filmar: quando ele quer deixar claro que não é de televisão.\nGrávida: em qualquer ocasião. Gestante: em filas e assentos preferenciais.\nGuardar: na gaveta. Salvar: no Computador. Salvaguardar: no Exército.\nMenta: no sorvete, na bala ou no xarope.\nHortelã: na horta ou no suco de abacaxi.\nPeça: quando você vai assistir. Espetáculo: quando você está em cartaz com ele.\n\nDUVIVIER, G. Folha de S. Paulo, 24 mar. 2014 (adaptado)\n\nO texto trata da diferença de sentido entre vocábulos muito próximos. Essa diferença é apresentada considerando-se a(s):\n', 'DIFICIL', 1, 0xaced0005737200136a6176612e7574696c2e41727261794c6973747881d21d99c7619d03000149000473697a6578700000000077040000000078, 180, 17),
(132, 'Lisboa: aventuras\ntomei um expresso\n			cheguei de foguete\nsubi num bonde\n			desci de um elétrico\npedi um cafezinho\n			serviram-me uma bica\nquis comprar meias\n			só vendiam peúgas\nfui dar a descarga\n			disparei um autoclisma\ngritei \"ó cara!\"\n			respondeu-me \"ó pá!\"\n			positivamente\nas aves que aqui gorjeiam não gorjeiam\n						[como lá.\nPAES, J. P. A poesia está morta, mas juro que não fui eu. São Paulo: Duas cidades, 1988.\nNo texto, a diversidade linguística é apresentada pela ótica de um observador que entra em contato com uma comunidade linguística diferente da sua. Esse observador é um:\n', 'DIFICIL', 1, 0xaced0005737200136a6176612e7574696c2e41727261794c6973747881d21d99c7619d03000149000473697a6578700000000077040000000078, 180, 17),
(133, 'Pela primeira vez na vida teve pena de haver tantos assuntos no mundo que não compreendia e esmoreceu. Mas uma mosca fez um ângulo reto no ar, depois outro, além disso, os seis anos são uma idade de muitas coisas pela primeira vez, mais do que uma por dia e, por isso, logo depois, arribou. Os assuntos que não compreendia eram uma espécie de tontura, mas o Ilídio era forte. Se calhar estava a falar de tratar da cabra: nunca esqueças de tratar da cabra. O Ilídio não gostava que a mãe o mandasse tratar da cabra.\n\nNo texto, observa-se o uso característico do português de Portugal, marcadamente diferente do uso do português do Brasil. O trecho que confirma essa afirmação é:\n', 'DIFICIL', 1, 0xaced0005737200136a6176612e7574696c2e41727261794c6973747881d21d99c7619d03000149000473697a6578700000000077040000000078, 180, 17),
(134, 'A estudante perguntou como era essa coisa de escrever. Eu fiz o gênero fofo. Moleza, disse. Primeiro, evite estes coloquialismos de “fofo” e “moleza”, passe longe das gírias ainda não dicionarizadas e de tudo que soe mais falado do que escrito. Isto aqui não é rádio. De vez em quando, para não acharem que você mora trancado com um gramático de chicote, aplique uma gíria como se fosse um piparote de leve no cangote do texto, mas, em geral, evite. \n\nA língua varia em função de diferentes fatores. Um deles é a situação de comunicação. Na crônica, ao ser interrogado sobre a arte de escrever, o autor utiliza, em meio à linguagem escrita padrão, condizente com o contexto:\n', 'DIFICIL', 1, 0xaced0005737200136a6176612e7574696c2e41727261794c6973747881d21d99c7619d03000149000473697a6578700000000077040000000078, 180, 17),
(135, 'Leia o seguinte diálogo:\n\n- Filho, o telefone está tocando. \n- Mãe, tô no banho. \n\nQuais elementos coesivos explícitos na superfície textual são responsáveis pela ligação entre as frases? \n', 'DIFICIL', 1, 0xaced0005737200136a6176612e7574696c2e41727261794c6973747881d21d99c7619d03000149000473697a6578700000000077040000000078, 180, 17);

-- --------------------------------------------------------

--
-- Estrutura da tabela `pergunta_alternativa`
--

CREATE TABLE `pergunta_alternativa` (
  `Pergunta_ID` bigint(20) NOT NULL,
  `alternativas_ID` bigint(20) NOT NULL
) ENGINE=InnoDB DEFAULT CHARSET=utf8;

--
-- Extraindo dados da tabela `pergunta_alternativa`
--

INSERT INTO `pergunta_alternativa` (`Pergunta_ID`, `alternativas_ID`) VALUES
(1, 1),
(1, 2),
(1, 3),
(1, 4),
(2, 5),
(2, 6),
(2, 7),
(2, 8),
(3, 9),
(3, 10),
(3, 11),
(3, 12),
(4, 13),
(4, 14),
(4, 15),
(4, 16),
(5, 17),
(5, 18),
(5, 19),
(5, 20),
(6, 21),
(6, 22),
(6, 23),
(6, 24),
(7, 25),
(7, 26),
(7, 27),
(7, 28),
(8, 29),
(8, 30),
(8, 31),
(8, 32),
(9, 33),
(9, 34),
(9, 35),
(9, 36),
(10, 37),
(10, 38),
(10, 39),
(10, 40),
(11, 41),
(11, 42),
(11, 43),
(11, 44),
(12, 45),
(12, 46),
(12, 47),
(12, 48),
(13, 49),
(13, 50),
(13, 51),
(13, 52),
(14, 53),
(14, 54),
(14, 55),
(14, 56),
(15, 57),
(15, 58),
(15, 59),
(15, 60),
(16, 61),
(16, 62),
(16, 63),
(16, 64),
(17, 65),
(17, 66),
(17, 67),
(17, 68),
(18, 69),
(18, 70),
(18, 71),
(18, 72),
(19, 73),
(19, 74),
(19, 75),
(19, 76),
(20, 77),
(20, 78),
(20, 79),
(20, 80),
(21, 81),
(21, 82),
(21, 83),
(21, 84),
(22, 85),
(22, 86),
(22, 87),
(22, 88),
(23, 89),
(23, 90),
(23, 91),
(23, 92),
(24, 93),
(24, 94),
(24, 95),
(24, 96),
(25, 97),
(25, 98),
(25, 99),
(25, 100),
(26, 101),
(26, 102),
(26, 103),
(26, 104),
(27, 105),
(27, 106),
(27, 107),
(27, 108),
(28, 109),
(28, 110),
(28, 111),
(28, 112),
(29, 113),
(29, 114),
(29, 115),
(29, 116),
(30, 117),
(30, 118),
(30, 119),
(30, 120),
(31, 121),
(31, 122),
(31, 123),
(31, 124),
(32, 125),
(32, 126),
(32, 127),
(32, 128),
(33, 129),
(33, 130),
(33, 131),
(33, 132),
(34, 133),
(34, 134),
(34, 135),
(34, 136),
(35, 137),
(35, 138),
(35, 139),
(35, 140),
(36, 141),
(36, 142),
(36, 143),
(36, 144),
(37, 145),
(37, 146),
(37, 147),
(37, 148),
(38, 149),
(38, 150),
(38, 151),
(38, 152),
(39, 153),
(39, 154),
(39, 155),
(39, 156),
(40, 157),
(40, 158),
(40, 159),
(40, 160),
(41, 161),
(41, 162),
(41, 163),
(41, 164),
(42, 165),
(42, 166),
(42, 167),
(42, 168),
(43, 169),
(43, 170),
(43, 171),
(43, 172),
(44, 173),
(44, 174),
(44, 175),
(44, 176),
(45, 177),
(45, 178),
(45, 179),
(45, 180),
(46, 181),
(46, 182),
(46, 183),
(46, 184),
(47, 185),
(47, 186),
(47, 187),
(47, 188),
(48, 189),
(48, 190),
(48, 191),
(48, 192),
(49, 193),
(49, 194),
(49, 195),
(49, 196),
(50, 197),
(50, 198),
(50, 199),
(50, 200),
(51, 201),
(51, 202),
(51, 203),
(51, 204),
(52, 205),
(52, 206),
(52, 207),
(52, 208),
(53, 209),
(53, 210),
(53, 211),
(53, 212),
(54, 213),
(54, 214),
(54, 215),
(54, 216),
(55, 217),
(55, 218),
(55, 219),
(55, 220),
(56, 221),
(56, 222),
(56, 223),
(56, 224),
(57, 225),
(57, 226),
(57, 227),
(57, 228),
(58, 229),
(58, 230),
(58, 231),
(58, 232),
(59, 233),
(59, 234),
(59, 235),
(59, 236),
(60, 237),
(60, 238),
(60, 239),
(60, 240),
(61, 241),
(61, 242),
(61, 243),
(61, 244),
(62, 245),
(62, 246),
(62, 247),
(62, 248),
(63, 249),
(63, 250),
(63, 251),
(63, 252),
(64, 253),
(64, 254),
(64, 255),
(64, 256),
(65, 257),
(65, 258),
(65, 259),
(65, 260),
(66, 261),
(66, 262),
(66, 263),
(66, 264),
(67, 265),
(67, 266),
(67, 267),
(67, 268),
(68, 269),
(68, 270),
(68, 271),
(68, 272),
(69, 273),
(69, 274),
(69, 275),
(69, 276),
(70, 277),
(70, 278),
(70, 279),
(70, 280),
(71, 281),
(71, 282),
(71, 283),
(71, 284),
(72, 285),
(72, 286),
(72, 287),
(72, 288),
(73, 289),
(73, 290),
(73, 291),
(73, 292),
(74, 293),
(74, 294),
(74, 295),
(74, 296),
(75, 297),
(75, 298),
(75, 299),
(75, 300),
(76, 301),
(76, 302),
(76, 303),
(76, 304),
(77, 305),
(77, 306),
(77, 307),
(77, 308),
(78, 309),
(78, 310),
(78, 311),
(78, 312),
(79, 313),
(79, 314),
(79, 315),
(79, 316),
(80, 317),
(80, 318),
(80, 319),
(80, 320),
(81, 321),
(81, 322),
(81, 323),
(81, 324),
(82, 325),
(82, 326),
(82, 327),
(82, 328),
(83, 329),
(83, 330),
(83, 331),
(83, 332),
(84, 333),
(84, 334),
(84, 335),
(84, 336),
(85, 337),
(85, 338),
(85, 339),
(85, 340),
(86, 341),
(86, 342),
(86, 343),
(86, 344),
(87, 345),
(87, 346),
(87, 347),
(87, 348),
(88, 349),
(88, 350),
(88, 351),
(88, 352),
(89, 353),
(89, 354),
(89, 355),
(89, 356),
(90, 357),
(90, 358),
(90, 359),
(90, 360),
(91, 361),
(91, 362),
(91, 363),
(91, 364),
(92, 365),
(92, 366),
(92, 367),
(92, 368),
(93, 369),
(93, 370),
(93, 371),
(93, 372),
(94, 373),
(94, 374),
(94, 375),
(94, 376),
(95, 377),
(95, 378),
(95, 379),
(95, 380),
(96, 381),
(96, 382),
(96, 383),
(96, 384),
(97, 385),
(97, 386),
(97, 387),
(97, 388),
(98, 389),
(98, 390),
(98, 391),
(98, 392),
(99, 393),
(99, 394),
(99, 395),
(99, 396),
(100, 397),
(100, 398),
(100, 399),
(100, 400),
(101, 401),
(101, 402),
(101, 403),
(101, 404),
(102, 405),
(102, 406),
(102, 407),
(102, 408),
(103, 409),
(103, 410),
(103, 411),
(103, 412),
(104, 413),
(104, 414),
(104, 415),
(104, 416),
(105, 417),
(105, 418),
(105, 419),
(105, 420),
(106, 421),
(106, 422),
(106, 423),
(106, 424),
(107, 425),
(107, 426),
(107, 427),
(107, 428),
(108, 429),
(108, 430),
(108, 431),
(108, 432),
(109, 433),
(109, 434),
(109, 435),
(109, 436),
(110, 437),
(110, 438),
(110, 439),
(110, 440),
(111, 441),
(111, 442),
(111, 443),
(111, 444),
(112, 445),
(112, 446),
(112, 447),
(112, 448),
(113, 449),
(113, 450),
(113, 451),
(113, 452),
(114, 453),
(114, 454),
(114, 455),
(114, 456),
(115, 457),
(115, 458),
(115, 459),
(115, 460),
(116, 461),
(116, 462),
(116, 463),
(116, 464),
(117, 465),
(117, 466),
(117, 467),
(117, 468),
(118, 469),
(118, 470),
(118, 471),
(118, 472),
(119, 473),
(119, 474),
(119, 475),
(119, 476),
(120, 477),
(120, 478),
(120, 479),
(120, 480),
(121, 481),
(121, 482),
(121, 483),
(121, 484),
(122, 485),
(122, 486),
(122, 487),
(122, 488),
(123, 489),
(123, 490),
(123, 491),
(123, 492),
(124, 493),
(124, 494),
(124, 495),
(124, 496),
(125, 497),
(125, 498),
(125, 499),
(125, 500),
(126, 501),
(126, 502),
(126, 503),
(126, 504),
(127, 505),
(127, 506),
(127, 507),
(127, 508),
(128, 509),
(128, 510),
(128, 511),
(128, 512),
(129, 513),
(129, 514),
(129, 515),
(129, 516),
(130, 517),
(130, 518),
(130, 519),
(130, 520),
(131, 521),
(131, 522),
(131, 523),
(131, 524),
(132, 525),
(132, 526),
(132, 527),
(132, 528),
(133, 529),
(133, 530),
(133, 531),
(133, 532),
(134, 533),
(134, 534),
(134, 535),
(134, 536),
(135, 537),
(135, 538),
(135, 539),
(135, 540);

-- --------------------------------------------------------

--
-- Estrutura da tabela `sala`
--

CREATE TABLE `sala` (
  `ID` bigint(20) NOT NULL,
  `DESCRICAO` varchar(255) DEFAULT NULL,
  `HABILITAR` tinyint(1) DEFAULT '0'
) ENGINE=InnoDB DEFAULT CHARSET=utf8;

--
-- Extraindo dados da tabela `sala`
--

INSERT INTO `sala` (`ID`, `DESCRICAO`, `HABILITAR`) VALUES
(1, 'TESTE', 0),
(2, 'Sistemas VI', 0),
(3, 'Avaliação João Felipe', 1);

-- --------------------------------------------------------

--
-- Estrutura da tabela `sala_pergunta`
--

CREATE TABLE `sala_pergunta` (
  `Sala_ID` bigint(20) NOT NULL,
  `perguntas_ID` bigint(20) NOT NULL
) ENGINE=InnoDB DEFAULT CHARSET=utf8;

--
-- Extraindo dados da tabela `sala_pergunta`
--

INSERT INTO `sala_pergunta` (`Sala_ID`, `perguntas_ID`) VALUES
(1, 1),
(1, 2),
(1, 3),
(1, 4),
(1, 5),
(2, 6),
(2, 7),
(2, 8),
(2, 9),
(2, 10),
(2, 11),
(2, 12),
(2, 13),
(2, 14),
(2, 15),
(2, 16),
(2, 17),
(2, 18),
(2, 19),
(2, 20),
(2, 21),
(2, 22),
(2, 23),
(2, 24),
(2, 25),
(2, 26),
(2, 27),
(2, 28),
(2, 29),
(2, 30),
(2, 31),
(2, 32),
(2, 33),
(2, 34),
(2, 35),
(2, 36),
(2, 37),
(2, 38),
(2, 39),
(2, 40),
(2, 41),
(2, 42),
(2, 43),
(2, 44),
(2, 45),
(2, 46),
(2, 47),
(2, 48),
(2, 49),
(2, 50),
(2, 51),
(2, 52),
(2, 53),
(2, 54),
(2, 55),
(3, 56),
(3, 57),
(3, 58),
(3, 59),
(3, 60),
(3, 61),
(3, 62),
(3, 63),
(3, 64),
(3, 65),
(3, 66),
(3, 67),
(3, 68),
(3, 69),
(3, 70),
(3, 71),
(3, 72),
(3, 73),
(3, 74),
(3, 75),
(3, 76),
(3, 77),
(3, 78),
(3, 79),
(3, 80),
(3, 81),
(3, 82),
(3, 83),
(3, 84),
(3, 85),
(3, 86),
(3, 87),
(3, 88),
(3, 89),
(3, 90),
(3, 91),
(3, 92),
(3, 93),
(3, 94),
(3, 95),
(3, 96),
(3, 97),
(3, 98),
(3, 99),
(3, 100),
(3, 101),
(3, 102),
(3, 103),
(3, 104),
(3, 105),
(3, 106),
(3, 107),
(3, 108),
(3, 109),
(3, 110),
(3, 111),
(3, 112),
(3, 113),
(3, 114),
(3, 115),
(3, 116),
(3, 117),
(3, 118),
(3, 119),
(3, 120),
(3, 121),
(3, 122),
(3, 123),
(3, 124),
(3, 125),
(3, 126),
(3, 127),
(3, 128),
(3, 129),
(3, 130),
(3, 131),
(3, 132),
(3, 133),
(3, 134),
(3, 135);

--
-- Indexes for dumped tables
--

--
-- Indexes for table `alternativa`
--
ALTER TABLE `alternativa`
  ADD PRIMARY KEY (`ID`);

--
-- Indexes for table `disciplina`
--
ALTER TABLE `disciplina`
  ADD PRIMARY KEY (`ID`);

--
-- Indexes for table `pergunta`
--
ALTER TABLE `pergunta`
  ADD PRIMARY KEY (`ID`),
  ADD KEY `FK_PERGUNTA_DISCIPLINA_ID` (`DISCIPLINA_ID`);

--
-- Indexes for table `pergunta_alternativa`
--
ALTER TABLE `pergunta_alternativa`
  ADD PRIMARY KEY (`Pergunta_ID`,`alternativas_ID`),
  ADD KEY `FK_PERGUNTA_ALTERNATIVA_alternativas_ID` (`alternativas_ID`);

--
-- Indexes for table `sala`
--
ALTER TABLE `sala`
  ADD PRIMARY KEY (`ID`);

--
-- Indexes for table `sala_pergunta`
--
ALTER TABLE `sala_pergunta`
  ADD PRIMARY KEY (`Sala_ID`,`perguntas_ID`),
  ADD KEY `FK_SALA_PERGUNTA_perguntas_ID` (`perguntas_ID`);

--
-- AUTO_INCREMENT for dumped tables
--

--
-- AUTO_INCREMENT for table `alternativa`
--
ALTER TABLE `alternativa`
  MODIFY `ID` bigint(20) NOT NULL AUTO_INCREMENT, AUTO_INCREMENT=541;

--
-- AUTO_INCREMENT for table `disciplina`
--
ALTER TABLE `disciplina`
  MODIFY `ID` bigint(20) NOT NULL AUTO_INCREMENT, AUTO_INCREMENT=18;

--
-- AUTO_INCREMENT for table `pergunta`
--
ALTER TABLE `pergunta`
  MODIFY `ID` bigint(20) NOT NULL AUTO_INCREMENT, AUTO_INCREMENT=136;

--
-- AUTO_INCREMENT for table `sala`
--
ALTER TABLE `sala`
  MODIFY `ID` bigint(20) NOT NULL AUTO_INCREMENT, AUTO_INCREMENT=4;

--
-- Constraints for dumped tables
--

--
-- Limitadores para a tabela `pergunta`
--
ALTER TABLE `pergunta`
  ADD CONSTRAINT `FK_PERGUNTA_DISCIPLINA_ID` FOREIGN KEY (`DISCIPLINA_ID`) REFERENCES `disciplina` (`ID`);

--
-- Limitadores para a tabela `pergunta_alternativa`
--
ALTER TABLE `pergunta_alternativa`
  ADD CONSTRAINT `FK_PERGUNTA_ALTERNATIVA_Pergunta_ID` FOREIGN KEY (`Pergunta_ID`) REFERENCES `pergunta` (`ID`),
  ADD CONSTRAINT `FK_PERGUNTA_ALTERNATIVA_alternativas_ID` FOREIGN KEY (`alternativas_ID`) REFERENCES `alternativa` (`ID`);

--
-- Limitadores para a tabela `sala_pergunta`
--
ALTER TABLE `sala_pergunta`
  ADD CONSTRAINT `FK_SALA_PERGUNTA_Sala_ID` FOREIGN KEY (`Sala_ID`) REFERENCES `sala` (`ID`),
  ADD CONSTRAINT `FK_SALA_PERGUNTA_perguntas_ID` FOREIGN KEY (`perguntas_ID`) REFERENCES `pergunta` (`ID`);
COMMIT;

/*!40101 SET CHARACTER_SET_CLIENT=@OLD_CHARACTER_SET_CLIENT */;
/*!40101 SET CHARACTER_SET_RESULTS=@OLD_CHARACTER_SET_RESULTS */;
/*!40101 SET COLLATION_CONNECTION=@OLD_COLLATION_CONNECTION */;
